EE_id,sample_name,tissue,disease,age,gender,instrument,readlen,frag_num_hg19,publication,doi,insert_size_url_hg19
EE85723,TBR917.rep2,blood plasma,Colorectal cancer,,,HiSeq 2000,75,28310816,"Sun et al., 2019",10.1101/gr.242719.118,http://finaledb.research.cchmc.org/data/entries/EE85723/hg19/EE85723.hg19.insert_size_metrics.txt
EE85724,TBR924,blood plasma,Colorectal cancer,,,HiSeq 2000,75,38084194,"Sun et al., 2019",10.1101/gr.242719.118,http://finaledb.research.cchmc.org/data/entries/EE85724/hg19/EE85724.hg19.insert_size_metrics.txt
EE85726,TBR922.rep2,blood plasma,Colorectal cancer,,,HiSeq 2000,75,37189888,"Sun et al., 2019",10.1101/gr.242719.118,http://finaledb.research.cchmc.org/data/entries/EE85726/hg19/EE85726.hg19.insert_size_metrics.txt
EE85727,TBR916.rep1,blood plasma,Colorectal cancer,,,HiSeq 2000,75,24268295,"Sun et al., 2019",10.1101/gr.242719.118,http://finaledb.research.cchmc.org/data/entries/EE85727/hg19/EE85727.hg19.insert_size_metrics.txt
EE85730,T99,blood plasma,Colorectal cancer,,,HiSeq 2000,75,24954823,"Sun et al., 2019",10.1101/gr.242719.118,http://finaledb.research.cchmc.org/data/entries/EE85730/hg19/EE85730.hg19.insert_size_metrics.txt
EE85731,TBR917.rep1,blood plasma,Colorectal cancer,,,HiSeq 2000,75,29096248,"Sun et al., 2019",10.1101/gr.242719.118,http://finaledb.research.cchmc.org/data/entries/EE85731/hg19/EE85731.hg19.insert_size_metrics.txt
EE85732,TBR922.rep1,blood plasma,Colorectal cancer,,,HiSeq 2000,75,37641072,"Sun et al., 2019",10.1101/gr.242719.118,http://finaledb.research.cchmc.org/data/entries/EE85732/hg19/EE85732.hg19.insert_size_metrics.txt
EE85733,TBR916.rep2,blood plasma,Colorectal cancer,,,HiSeq 2000,75,20996065,"Sun et al., 2019",10.1101/gr.242719.118,http://finaledb.research.cchmc.org/data/entries/EE85733/hg19/EE85733.hg19.insert_size_metrics.txt
EE85734,TBR901,blood plasma,Colorectal cancer,,,HiSeq 2000,75,14326857,"Sun et al., 2019",10.1101/gr.242719.118,http://finaledb.research.cchmc.org/data/entries/EE85734/hg19/EE85734.hg19.insert_size_metrics.txt
EE85737,TBR912,blood plasma,Colorectal cancer,,,HiSeq 2000,75,22066658,"Sun et al., 2019",10.1101/gr.242719.118,http://finaledb.research.cchmc.org/data/entries/EE85737/hg19/EE85737.hg19.insert_size_metrics.txt
EE85739,TBR910,blood plasma,Colorectal cancer,,,HiSeq 2000,75,7912523,"Sun et al., 2019",10.1101/gr.242719.118,http://finaledb.research.cchmc.org/data/entries/EE85739/hg19/EE85739.hg19.insert_size_metrics.txt
EE85741,TBR911.rep1,blood plasma,Colorectal cancer,,,HiSeq 2000,75,23517268,"Sun et al., 2019",10.1101/gr.242719.118,http://finaledb.research.cchmc.org/data/entries/EE85741/hg19/EE85741.hg19.insert_size_metrics.txt
EE85743,TBR914.rep2,blood plasma,Colorectal cancer,,,HiSeq 2000,75,16661125,"Sun et al., 2019",10.1101/gr.242719.118,http://finaledb.research.cchmc.org/data/entries/EE85743/hg19/EE85743.hg19.insert_size_metrics.txt
EE85746,TBR919.rep1,blood plasma,Colorectal cancer,,,HiSeq 2000,75,19636979,"Sun et al., 2019",10.1101/gr.242719.118,http://finaledb.research.cchmc.org/data/entries/EE85746/hg19/EE85746.hg19.insert_size_metrics.txt
EE85749,TBR921,blood plasma,Colorectal cancer,,,HiSeq 2000,75,42579408,"Sun et al., 2019",10.1101/gr.242719.118,http://finaledb.research.cchmc.org/data/entries/EE85749/hg19/EE85749.hg19.insert_size_metrics.txt
EE85750,TBR911.rep2,blood plasma,Colorectal cancer,,,HiSeq 2000,75,22514657,"Sun et al., 2019",10.1101/gr.242719.118,http://finaledb.research.cchmc.org/data/entries/EE85750/hg19/EE85750.hg19.insert_size_metrics.txt
EE85752,TBR914.rep1,blood plasma,Colorectal cancer,,,HiSeq 2000,75,19373228,"Sun et al., 2019",10.1101/gr.242719.118,http://finaledb.research.cchmc.org/data/entries/EE85752/hg19/EE85752.hg19.insert_size_metrics.txt
EE85753,TBR919.rep2,blood plasma,Colorectal cancer,,,HiSeq 2000,75,14432424,"Sun et al., 2019",10.1101/gr.242719.118,http://finaledb.research.cchmc.org/data/entries/EE85753/hg19/EE85753.hg19.insert_size_metrics.txt
EE86234,IC11,blood plasma,Colorectal cancer,,male,HiSeq 2000,42,43174397,"Snyder et al., 2016",10.1016/j.cell.2015.11.050,http://finaledb.research.cchmc.org/data/entries/EE86234/hg19/EE86234.hg19.insert_size_metrics.txt
EE86255,IC33,blood plasma,Colorectal cancer,,male,HiSeq 2000,43,42940976,"Snyder et al., 2016",10.1016/j.cell.2015.11.050,http://finaledb.research.cchmc.org/data/entries/EE86255/hg19/EE86255.hg19.insert_size_metrics.txt
EE86259,IC37,blood plasma,Colorectal cancer,,female,HiSeq 2000,50,757773155,"Snyder et al., 2016",10.1016/j.cell.2015.11.050,http://finaledb.research.cchmc.org/data/entries/EE86259/hg19/EE86259.hg19.insert_size_metrics.txt
EE87865,EGAR00002027778,blood plasma,Colorectal cancer,,,HiSeq 2000,100,30750768,"Cristiano et al., 2019",10.1038/s41586-019-1272-6,http://finaledb.research.cchmc.org/data/entries/EE87865/hg19/EE87865.hg19.insert_size_metrics.txt
EE87866,EGAR00002027779,blood plasma,Colorectal cancer,,,HiSeq 2000,100,28634006,"Cristiano et al., 2019",10.1038/s41586-019-1272-6,http://finaledb.research.cchmc.org/data/entries/EE87866/hg19/EE87866.hg19.insert_size_metrics.txt
EE87867,EGAR00002027780,blood plasma,Colorectal cancer,,,HiSeq 2000,100,37918479,"Cristiano et al., 2019",10.1038/s41586-019-1272-6,http://finaledb.research.cchmc.org/data/entries/EE87867/hg19/EE87867.hg19.insert_size_metrics.txt
EE87868,EGAR00002027781,blood plasma,Colorectal cancer,,,HiSeq 2000,100,34443952,"Cristiano et al., 2019",10.1038/s41586-019-1272-6,http://finaledb.research.cchmc.org/data/entries/EE87868/hg19/EE87868.hg19.insert_size_metrics.txt
EE87869,EGAR00002027782,blood plasma,Colorectal cancer,,,HiSeq 2000,100,45850552,"Cristiano et al., 2019",10.1038/s41586-019-1272-6,http://finaledb.research.cchmc.org/data/entries/EE87869/hg19/EE87869.hg19.insert_size_metrics.txt
EE87870,EGAR00002027783,blood plasma,Colorectal cancer,,,HiSeq 2000,100,50740683,"Cristiano et al., 2019",10.1038/s41586-019-1272-6,http://finaledb.research.cchmc.org/data/entries/EE87870/hg19/EE87870.hg19.insert_size_metrics.txt
EE87871,EGAR00002027784,blood plasma,Colorectal cancer,,,HiSeq 2000,100,44560446,"Cristiano et al., 2019",10.1038/s41586-019-1272-6,http://finaledb.research.cchmc.org/data/entries/EE87871/hg19/EE87871.hg19.insert_size_metrics.txt
EE87872,EGAR00002027785,blood plasma,Colorectal cancer,,,HiSeq 2000,100,32374497,"Cristiano et al., 2019",10.1038/s41586-019-1272-6,http://finaledb.research.cchmc.org/data/entries/EE87872/hg19/EE87872.hg19.insert_size_metrics.txt
EE87873,EGAR00002027786,blood plasma,Colorectal cancer,,,HiSeq 2000,100,54913736,"Cristiano et al., 2019",10.1038/s41586-019-1272-6,http://finaledb.research.cchmc.org/data/entries/EE87873/hg19/EE87873.hg19.insert_size_metrics.txt
EE87874,EGAR00002027787,blood plasma,Colorectal cancer,,,HiSeq 2000,100,1256193,"Cristiano et al., 2019",10.1038/s41586-019-1272-6,http://finaledb.research.cchmc.org/data/entries/EE87874/hg19/EE87874.hg19.insert_size_metrics.txt
EE87875,EGAR00002027788,blood plasma,Colorectal cancer,,,HiSeq 2000,100,32991433,"Cristiano et al., 2019",10.1038/s41586-019-1272-6,http://finaledb.research.cchmc.org/data/entries/EE87875/hg19/EE87875.hg19.insert_size_metrics.txt
EE87876,EGAR00002027789,blood plasma,Colorectal cancer,,,HiSeq 2000,100,38138122,"Cristiano et al., 2019",10.1038/s41586-019-1272-6,http://finaledb.research.cchmc.org/data/entries/EE87876/hg19/EE87876.hg19.insert_size_metrics.txt
EE87877,EGAR00002027790,blood plasma,Colorectal cancer,,,HiSeq 2000,100,36593125,"Cristiano et al., 2019",10.1038/s41586-019-1272-6,http://finaledb.research.cchmc.org/data/entries/EE87877/hg19/EE87877.hg19.insert_size_metrics.txt
EE87878,EGAR00002027791,blood plasma,Colorectal cancer,,,HiSeq 2000,100,39969515,"Cristiano et al., 2019",10.1038/s41586-019-1272-6,http://finaledb.research.cchmc.org/data/entries/EE87878/hg19/EE87878.hg19.insert_size_metrics.txt
EE87879,EGAR00002027792,blood plasma,Colorectal cancer,,,HiSeq 2000,100,31643385,"Cristiano et al., 2019",10.1038/s41586-019-1272-6,http://finaledb.research.cchmc.org/data/entries/EE87879/hg19/EE87879.hg19.insert_size_metrics.txt
EE87880,EGAR00002027793,blood plasma,Colorectal cancer,,,HiSeq 2000,100,22401665,"Cristiano et al., 2019",10.1038/s41586-019-1272-6,http://finaledb.research.cchmc.org/data/entries/EE87880/hg19/EE87880.hg19.insert_size_metrics.txt
EE87881,EGAR00002027794,blood plasma,Colorectal cancer,,,HiSeq 2000,100,28934790,"Cristiano et al., 2019",10.1038/s41586-019-1272-6,http://finaledb.research.cchmc.org/data/entries/EE87881/hg19/EE87881.hg19.insert_size_metrics.txt
EE87882,EGAR00002027795,blood plasma,Colorectal cancer,,,HiSeq 2000,100,26762226,"Cristiano et al., 2019",10.1038/s41586-019-1272-6,http://finaledb.research.cchmc.org/data/entries/EE87882/hg19/EE87882.hg19.insert_size_metrics.txt
EE87883,EGAR00002027796,blood plasma,Colorectal cancer,,,HiSeq 2000,100,29002835,"Cristiano et al., 2019",10.1038/s41586-019-1272-6,http://finaledb.research.cchmc.org/data/entries/EE87883/hg19/EE87883.hg19.insert_size_metrics.txt
EE87884,EGAR00002027797,blood plasma,Colorectal cancer,,,HiSeq 2000,100,49803609,"Cristiano et al., 2019",10.1038/s41586-019-1272-6,http://finaledb.research.cchmc.org/data/entries/EE87884/hg19/EE87884.hg19.insert_size_metrics.txt
EE87885,EGAR00002027798,blood plasma,Colorectal cancer,,,HiSeq 2000,100,26150681,"Cristiano et al., 2019",10.1038/s41586-019-1272-6,http://finaledb.research.cchmc.org/data/entries/EE87885/hg19/EE87885.hg19.insert_size_metrics.txt
EE87886,EGAR00002027799,blood plasma,Colorectal cancer,,,HiSeq 2000,100,37582133,"Cristiano et al., 2019",10.1038/s41586-019-1272-6,http://finaledb.research.cchmc.org/data/entries/EE87886/hg19/EE87886.hg19.insert_size_metrics.txt
EE87887,EGAR00002027800,blood plasma,Colorectal cancer,,,HiSeq 2000,100,46739320,"Cristiano et al., 2019",10.1038/s41586-019-1272-6,http://finaledb.research.cchmc.org/data/entries/EE87887/hg19/EE87887.hg19.insert_size_metrics.txt
EE87888,EGAR00002027801,blood plasma,Colorectal cancer,,,HiSeq 2000,100,47752246,"Cristiano et al., 2019",10.1038/s41586-019-1272-6,http://finaledb.research.cchmc.org/data/entries/EE87888/hg19/EE87888.hg19.insert_size_metrics.txt
EE87889,EGAR00002027802,blood plasma,Colorectal cancer,,,HiSeq 2000,100,62025492,"Cristiano et al., 2019",10.1038/s41586-019-1272-6,http://finaledb.research.cchmc.org/data/entries/EE87889/hg19/EE87889.hg19.insert_size_metrics.txt
EE87890,EGAR00002027803,blood plasma,Colorectal cancer,,,HiSeq 2000,100,49790664,"Cristiano et al., 2019",10.1038/s41586-019-1272-6,http://finaledb.research.cchmc.org/data/entries/EE87890/hg19/EE87890.hg19.insert_size_metrics.txt
EE87891,EGAR00002027804,blood plasma,Colorectal cancer,,,HiSeq 2000,100,53059136,"Cristiano et al., 2019",10.1038/s41586-019-1272-6,http://finaledb.research.cchmc.org/data/entries/EE87891/hg19/EE87891.hg19.insert_size_metrics.txt
EE85756,C330,blood plasma,Healthy,,,HiSeq 2000,75,40089389,"Jiang et al., 2015",10.1073/pnas.1500076112,http://finaledb.research.cchmc.org/data/entries/EE85756/hg19/EE85756.hg19.insert_size_metrics.txt
EE85757,C347,blood plasma,Healthy,,,HiSeq 2000,75,29395192,"Jiang et al., 2015",10.1073/pnas.1500076112,http://finaledb.research.cchmc.org/data/entries/EE85757/hg19/EE85757.hg19.insert_size_metrics.txt
EE85770,C329,blood plasma,Healthy,,,HiSeq 2000,75,39726615,"Jiang et al., 2015",10.1073/pnas.1500076112,http://finaledb.research.cchmc.org/data/entries/EE85770/hg19/EE85770.hg19.insert_size_metrics.txt
EE85775,C354,blood plasma,Healthy,,,HiSeq 2000,75,29959777,"Jiang et al., 2015",10.1073/pnas.1500076112,http://finaledb.research.cchmc.org/data/entries/EE85775/hg19/EE85775.hg19.insert_size_metrics.txt
EE85784,C311,blood plasma,Healthy,,,HiSeq 2000,75,35932132,"Jiang et al., 2015",10.1073/pnas.1500076112,http://finaledb.research.cchmc.org/data/entries/EE85784/hg19/EE85784.hg19.insert_size_metrics.txt
EE85787,C316,blood plasma,Healthy,,,HiSeq 2000,75,46666358,"Jiang et al., 2015",10.1073/pnas.1500076112,http://finaledb.research.cchmc.org/data/entries/EE85787/hg19/EE85787.hg19.insert_size_metrics.txt
EE85791,C359,blood plasma,Healthy,,,HiSeq 2000,75,28347464,"Jiang et al., 2015",10.1073/pnas.1500076112,http://finaledb.research.cchmc.org/data/entries/EE85791/hg19/EE85791.hg19.insert_size_metrics.txt
EE85795,C353,blood plasma,Healthy,,,HiSeq 2000,75,28290920,"Jiang et al., 2015",10.1073/pnas.1500076112,http://finaledb.research.cchmc.org/data/entries/EE85795/hg19/EE85795.hg19.insert_size_metrics.txt
EE85816,C333,blood plasma,Healthy,,,HiSeq 2000,75,42839467,"Jiang et al., 2015",10.1073/pnas.1500076112,http://finaledb.research.cchmc.org/data/entries/EE85816/hg19/EE85816.hg19.insert_size_metrics.txt
EE85830,C357,blood plasma,Healthy,,,HiSeq 2000,75,30483762,"Jiang et al., 2015",10.1073/pnas.1500076112,http://finaledb.research.cchmc.org/data/entries/EE85830/hg19/EE85830.hg19.insert_size_metrics.txt
EE85842,C312,blood plasma,Healthy,,,HiSeq 2000,75,35148508,"Jiang et al., 2015",10.1073/pnas.1500076112,http://finaledb.research.cchmc.org/data/entries/EE85842/hg19/EE85842.hg19.insert_size_metrics.txt
EE85854,C315,blood plasma,Healthy,,,HiSeq 2000,75,36585712,"Jiang et al., 2015",10.1073/pnas.1500076112,http://finaledb.research.cchmc.org/data/entries/EE85854/hg19/EE85854.hg19.insert_size_metrics.txt
EE85860,C327,blood plasma,Healthy,,,HiSeq 2000,75,47312058,"Jiang et al., 2015",10.1073/pnas.1500076112,http://finaledb.research.cchmc.org/data/entries/EE85860/hg19/EE85860.hg19.insert_size_metrics.txt
EE85861,C350,blood plasma,Healthy,,,HiSeq 2000,75,38105670,"Jiang et al., 2015",10.1073/pnas.1500076112,http://finaledb.research.cchmc.org/data/entries/EE85861/hg19/EE85861.hg19.insert_size_metrics.txt
EE85878,C343,blood plasma,Healthy,,,HiSeq 2000,75,27284233,"Jiang et al., 2015",10.1073/pnas.1500076112,http://finaledb.research.cchmc.org/data/entries/EE85878/hg19/EE85878.hg19.insert_size_metrics.txt
EE85898,C360,blood plasma,Healthy,,,HiSeq 2000,75,27488491,"Jiang et al., 2015",10.1073/pnas.1500076112,http://finaledb.research.cchmc.org/data/entries/EE85898/hg19/EE85898.hg19.insert_size_metrics.txt
EE85904,C325,blood plasma,Healthy,,,HiSeq 2000,75,44663985,"Jiang et al., 2015",10.1073/pnas.1500076112,http://finaledb.research.cchmc.org/data/entries/EE85904/hg19/EE85904.hg19.insert_size_metrics.txt
EE85905,C352,blood plasma,Healthy,,,HiSeq 2000,75,40133255,"Jiang et al., 2015",10.1073/pnas.1500076112,http://finaledb.research.cchmc.org/data/entries/EE85905/hg19/EE85905.hg19.insert_size_metrics.txt
EE85908,C358,blood plasma,Healthy,,,HiSeq 2000,75,26692377,"Jiang et al., 2015",10.1073/pnas.1500076112,http://finaledb.research.cchmc.org/data/entries/EE85908/hg19/EE85908.hg19.insert_size_metrics.txt
EE85918,C355,blood plasma,Healthy,,,HiSeq 2000,75,30447416,"Jiang et al., 2015",10.1073/pnas.1500076112,http://finaledb.research.cchmc.org/data/entries/EE85918/hg19/EE85918.hg19.insert_size_metrics.txt
EE85928,C310,blood plasma,Healthy,,,HiSeq 2000,75,38773919,"Jiang et al., 2015",10.1073/pnas.1500076112,http://finaledb.research.cchmc.org/data/entries/EE85928/hg19/EE85928.hg19.insert_size_metrics.txt
EE85936,C346,blood plasma,Healthy,,,HiSeq 2000,75,33167359,"Jiang et al., 2015",10.1073/pnas.1500076112,http://finaledb.research.cchmc.org/data/entries/EE85936/hg19/EE85936.hg19.insert_size_metrics.txt
EE85937,C331,blood plasma,Healthy,,,HiSeq 2000,75,36942668,"Jiang et al., 2015",10.1073/pnas.1500076112,http://finaledb.research.cchmc.org/data/entries/EE85937/hg19/EE85937.hg19.insert_size_metrics.txt
EE85941,C309,blood plasma,Healthy,,,HiSeq 2000,75,36991013,"Jiang et al., 2015",10.1073/pnas.1500076112,http://finaledb.research.cchmc.org/data/entries/EE85941/hg19/EE85941.hg19.insert_size_metrics.txt
EE85959,C348,blood plasma,Healthy,,,HiSeq 2000,75,27790793,"Jiang et al., 2015",10.1073/pnas.1500076112,http://finaledb.research.cchmc.org/data/entries/EE85959/hg19/EE85959.hg19.insert_size_metrics.txt
EE85963,C314,blood plasma,Healthy,,,HiSeq 2000,75,42650355,"Jiang et al., 2015",10.1073/pnas.1500076112,http://finaledb.research.cchmc.org/data/entries/EE85963/hg19/EE85963.hg19.insert_size_metrics.txt
EE85970,C351,blood plasma,Healthy,,,HiSeq 2000,75,29302648,"Jiang et al., 2015",10.1073/pnas.1500076112,http://finaledb.research.cchmc.org/data/entries/EE85970/hg19/EE85970.hg19.insert_size_metrics.txt
EE85971,C326,blood plasma,Healthy,,,HiSeq 2000,75,43803713,"Jiang et al., 2015",10.1073/pnas.1500076112,http://finaledb.research.cchmc.org/data/entries/EE85971/hg19/EE85971.hg19.insert_size_metrics.txt
EE85980,C356,blood plasma,Healthy,,,HiSeq 2000,75,26986203,"Jiang et al., 2015",10.1073/pnas.1500076112,http://finaledb.research.cchmc.org/data/entries/EE85980/hg19/EE85980.hg19.insert_size_metrics.txt
EE85985,C313,blood plasma,Healthy,,,HiSeq 2000,75,46291605,"Jiang et al., 2015",10.1073/pnas.1500076112,http://finaledb.research.cchmc.org/data/entries/EE85985/hg19/EE85985.hg19.insert_size_metrics.txt
EE85987,C332,blood plasma,Healthy,,,HiSeq 2000,75,45234170,"Jiang et al., 2015",10.1073/pnas.1500076112,http://finaledb.research.cchmc.org/data/entries/EE85987/hg19/EE85987.hg19.insert_size_metrics.txt
EE85988,C345,blood plasma,Healthy,,,HiSeq 2000,75,35248600,"Jiang et al., 2015",10.1073/pnas.1500076112,http://finaledb.research.cchmc.org/data/entries/EE85988/hg19/EE85988.hg19.insert_size_metrics.txt
EE86217,BH01,blood plasma,Healthy,,mixed,HiSeq 2000,101,1039532678,"Snyder et al., 2016",10.1016/j.cell.2015.11.050,http://finaledb.research.cchmc.org/data/entries/EE86217/hg19/EE86217.hg19.insert_size_metrics.txt
EE86274,IH01,blood plasma,Healthy,,male,HiSeq 2000,101,803531891,"Snyder et al., 2016",10.1016/j.cell.2015.11.050,http://finaledb.research.cchmc.org/data/entries/EE86274/hg19/EE86274.hg19.insert_size_metrics.txt
EE86275,IH02,blood plasma,Healthy,,male,HiSeq 2000,50,474333102,"Snyder et al., 2016",10.1016/j.cell.2015.11.050,http://finaledb.research.cchmc.org/data/entries/EE86275/hg19/EE86275.hg19.insert_size_metrics.txt
EE86276,IH03,blood plasma,Healthy,,female,HiSeq 2000,39,33708223,"Snyder et al., 2016",10.1016/j.cell.2015.11.050,http://finaledb.research.cchmc.org/data/entries/EE86276/hg19/EE86276.hg19.insert_size_metrics.txt
EE87920,EGAR00002027833,blood plasma,Healthy,,,HiSeq 2000,100,146476410,"Cristiano et al., 2019",10.1038/s41586-019-1272-6,http://finaledb.research.cchmc.org/data/entries/EE87920/hg19/EE87920.hg19.insert_size_metrics.txt
EE87921,EGAR00002027834,blood plasma,Healthy,,,HiSeq 2000,100,136725320,"Cristiano et al., 2019",10.1038/s41586-019-1272-6,http://finaledb.research.cchmc.org/data/entries/EE87921/hg19/EE87921.hg19.insert_size_metrics.txt
EE87922,EGAR00002027835,blood plasma,Healthy,,,HiSeq 2000,100,51125252,"Cristiano et al., 2019",10.1038/s41586-019-1272-6,http://finaledb.research.cchmc.org/data/entries/EE87922/hg19/EE87922.hg19.insert_size_metrics.txt
EE87923,EGAR00002027836,blood plasma,Healthy,,,HiSeq 2000,100,50444339,"Cristiano et al., 2019",10.1038/s41586-019-1272-6,http://finaledb.research.cchmc.org/data/entries/EE87923/hg19/EE87923.hg19.insert_size_metrics.txt
EE87924,EGAR00002027837,blood plasma,Healthy,,,HiSeq 2000,100,54384711,"Cristiano et al., 2019",10.1038/s41586-019-1272-6,http://finaledb.research.cchmc.org/data/entries/EE87924/hg19/EE87924.hg19.insert_size_metrics.txt
EE87925,EGAR00002027838,blood plasma,Healthy,,,HiSeq 2000,100,45329143,"Cristiano et al., 2019",10.1038/s41586-019-1272-6,http://finaledb.research.cchmc.org/data/entries/EE87925/hg19/EE87925.hg19.insert_size_metrics.txt
EE87926,EGAR00002027839,blood plasma,Healthy,,,HiSeq 2000,100,48282257,"Cristiano et al., 2019",10.1038/s41586-019-1272-6,http://finaledb.research.cchmc.org/data/entries/EE87926/hg19/EE87926.hg19.insert_size_metrics.txt
EE87927,EGAR00002027840,blood plasma,Healthy,,,HiSeq 2000,100,57494496,"Cristiano et al., 2019",10.1038/s41586-019-1272-6,http://finaledb.research.cchmc.org/data/entries/EE87927/hg19/EE87927.hg19.insert_size_metrics.txt
EE87928,EGAR00002027841,blood plasma,Healthy,,,HiSeq 2000,100,53540766,"Cristiano et al., 2019",10.1038/s41586-019-1272-6,http://finaledb.research.cchmc.org/data/entries/EE87928/hg19/EE87928.hg19.insert_size_metrics.txt
EE87929,EGAR00002027842,blood plasma,Healthy,,,HiSeq 2000,100,59659878,"Cristiano et al., 2019",10.1038/s41586-019-1272-6,http://finaledb.research.cchmc.org/data/entries/EE87929/hg19/EE87929.hg19.insert_size_metrics.txt
EE87931,EGAR00002027844,blood plasma,Healthy,,,HiSeq 2000,100,62710244,"Cristiano et al., 2019",10.1038/s41586-019-1272-6,http://finaledb.research.cchmc.org/data/entries/EE87931/hg19/EE87931.hg19.insert_size_metrics.txt
EE87932,EGAR00002027845,blood plasma,Healthy,,,HiSeq 2000,100,28554272,"Cristiano et al., 2019",10.1038/s41586-019-1272-6,http://finaledb.research.cchmc.org/data/entries/EE87932/hg19/EE87932.hg19.insert_size_metrics.txt
EE87933,EGAR00002027846,blood plasma,Healthy,,,HiSeq 2000,100,49398508,"Cristiano et al., 2019",10.1038/s41586-019-1272-6,http://finaledb.research.cchmc.org/data/entries/EE87933/hg19/EE87933.hg19.insert_size_metrics.txt
EE87934,EGAR00002027847,blood plasma,Healthy,,,HiSeq 2000,100,60612297,"Cristiano et al., 2019",10.1038/s41586-019-1272-6,http://finaledb.research.cchmc.org/data/entries/EE87934/hg19/EE87934.hg19.insert_size_metrics.txt
EE87935,EGAR00002027848,blood plasma,Healthy,,,HiSeq 2000,100,45690000,"Cristiano et al., 2019",10.1038/s41586-019-1272-6,http://finaledb.research.cchmc.org/data/entries/EE87935/hg19/EE87935.hg19.insert_size_metrics.txt
EE87936,EGAR00002027849,blood plasma,Healthy,,,HiSeq 2000,100,56534373,"Cristiano et al., 2019",10.1038/s41586-019-1272-6,http://finaledb.research.cchmc.org/data/entries/EE87936/hg19/EE87936.hg19.insert_size_metrics.txt
EE87937,EGAR00002027850,blood plasma,Healthy,,,HiSeq 2000,100,57074066,"Cristiano et al., 2019",10.1038/s41586-019-1272-6,http://finaledb.research.cchmc.org/data/entries/EE87937/hg19/EE87937.hg19.insert_size_metrics.txt
EE87938,EGAR00002027851,blood plasma,Healthy,,,HiSeq 2000,100,45653131,"Cristiano et al., 2019",10.1038/s41586-019-1272-6,http://finaledb.research.cchmc.org/data/entries/EE87938/hg19/EE87938.hg19.insert_size_metrics.txt
EE87939,EGAR00002027852,blood plasma,Healthy,,,HiSeq 2000,100,60438893,"Cristiano et al., 2019",10.1038/s41586-019-1272-6,http://finaledb.research.cchmc.org/data/entries/EE87939/hg19/EE87939.hg19.insert_size_metrics.txt
EE87940,EGAR00002027853,blood plasma,Healthy,,,HiSeq 2000,100,30928847,"Cristiano et al., 2019",10.1038/s41586-019-1272-6,http://finaledb.research.cchmc.org/data/entries/EE87940/hg19/EE87940.hg19.insert_size_metrics.txt
EE87941,EGAR00002027854,blood plasma,Healthy,,,HiSeq 2000,100,30396851,"Cristiano et al., 2019",10.1038/s41586-019-1272-6,http://finaledb.research.cchmc.org/data/entries/EE87941/hg19/EE87941.hg19.insert_size_metrics.txt
EE87942,EGAR00002027855,blood plasma,Healthy,,,HiSeq 2000,100,36785654,"Cristiano et al., 2019",10.1038/s41586-019-1272-6,http://finaledb.research.cchmc.org/data/entries/EE87942/hg19/EE87942.hg19.insert_size_metrics.txt
EE87943,EGAR00002027856,blood plasma,Healthy,,,HiSeq 2000,100,50046115,"Cristiano et al., 2019",10.1038/s41586-019-1272-6,http://finaledb.research.cchmc.org/data/entries/EE87943/hg19/EE87943.hg19.insert_size_metrics.txt
EE87944,EGAR00002027857,blood plasma,Healthy,,,HiSeq 2000,100,50206104,"Cristiano et al., 2019",10.1038/s41586-019-1272-6,http://finaledb.research.cchmc.org/data/entries/EE87944/hg19/EE87944.hg19.insert_size_metrics.txt
EE87945,EGAR00002027858,blood plasma,Healthy,,,HiSeq 2000,100,44945901,"Cristiano et al., 2019",10.1038/s41586-019-1272-6,http://finaledb.research.cchmc.org/data/entries/EE87945/hg19/EE87945.hg19.insert_size_metrics.txt
EE87946,EGAR00002027859,blood plasma,Healthy,,,HiSeq 2000,100,45995521,"Cristiano et al., 2019",10.1038/s41586-019-1272-6,http://finaledb.research.cchmc.org/data/entries/EE87946/hg19/EE87946.hg19.insert_size_metrics.txt
EE87947,EGAR00002027860,blood plasma,Healthy,,,HiSeq 2000,100,63868709,"Cristiano et al., 2019",10.1038/s41586-019-1272-6,http://finaledb.research.cchmc.org/data/entries/EE87947/hg19/EE87947.hg19.insert_size_metrics.txt
EE87948,EGAR00002027861,blood plasma,Healthy,,,HiSeq 2000,100,42469713,"Cristiano et al., 2019",10.1038/s41586-019-1272-6,http://finaledb.research.cchmc.org/data/entries/EE87948/hg19/EE87948.hg19.insert_size_metrics.txt
EE87949,EGAR00002027862,blood plasma,Healthy,,,HiSeq 2000,100,45318557,"Cristiano et al., 2019",10.1038/s41586-019-1272-6,http://finaledb.research.cchmc.org/data/entries/EE87949/hg19/EE87949.hg19.insert_size_metrics.txt
EE87950,EGAR00002027863,blood plasma,Healthy,,,HiSeq 2000,100,36329938,"Cristiano et al., 2019",10.1038/s41586-019-1272-6,http://finaledb.research.cchmc.org/data/entries/EE87950/hg19/EE87950.hg19.insert_size_metrics.txt
EE87951,EGAR00002027864,blood plasma,Healthy,,,HiSeq 2000,100,37859266,"Cristiano et al., 2019",10.1038/s41586-019-1272-6,http://finaledb.research.cchmc.org/data/entries/EE87951/hg19/EE87951.hg19.insert_size_metrics.txt
EE87952,EGAR00002027865,blood plasma,Healthy,,,HiSeq 2000,100,39107845,"Cristiano et al., 2019",10.1038/s41586-019-1272-6,http://finaledb.research.cchmc.org/data/entries/EE87952/hg19/EE87952.hg19.insert_size_metrics.txt
EE87953,EGAR00002027866,blood plasma,Healthy,,,HiSeq 2000,100,43466107,"Cristiano et al., 2019",10.1038/s41586-019-1272-6,http://finaledb.research.cchmc.org/data/entries/EE87953/hg19/EE87953.hg19.insert_size_metrics.txt
EE87954,EGAR00002027867,blood plasma,Healthy,,,HiSeq 2000,100,30492549,"Cristiano et al., 2019",10.1038/s41586-019-1272-6,http://finaledb.research.cchmc.org/data/entries/EE87954/hg19/EE87954.hg19.insert_size_metrics.txt
EE87955,EGAR00002027868,blood plasma,Healthy,,,HiSeq 2000,100,34328577,"Cristiano et al., 2019",10.1038/s41586-019-1272-6,http://finaledb.research.cchmc.org/data/entries/EE87955/hg19/EE87955.hg19.insert_size_metrics.txt
EE87956,EGAR00002027869,blood plasma,Healthy,,,HiSeq 2000,100,41838140,"Cristiano et al., 2019",10.1038/s41586-019-1272-6,http://finaledb.research.cchmc.org/data/entries/EE87956/hg19/EE87956.hg19.insert_size_metrics.txt
EE87957,EGAR00002027870,blood plasma,Healthy,,,HiSeq 2000,100,35782767,"Cristiano et al., 2019",10.1038/s41586-019-1272-6,http://finaledb.research.cchmc.org/data/entries/EE87957/hg19/EE87957.hg19.insert_size_metrics.txt
EE87958,EGAR00002027871,blood plasma,Healthy,,,HiSeq 2000,100,31168786,"Cristiano et al., 2019",10.1038/s41586-019-1272-6,http://finaledb.research.cchmc.org/data/entries/EE87958/hg19/EE87958.hg19.insert_size_metrics.txt
EE87959,EGAR00002027872,blood plasma,Healthy,,,HiSeq 2000,100,35476986,"Cristiano et al., 2019",10.1038/s41586-019-1272-6,http://finaledb.research.cchmc.org/data/entries/EE87959/hg19/EE87959.hg19.insert_size_metrics.txt
EE87960,EGAR00002027873,blood plasma,Healthy,,,HiSeq 2000,100,37035970,"Cristiano et al., 2019",10.1038/s41586-019-1272-6,http://finaledb.research.cchmc.org/data/entries/EE87960/hg19/EE87960.hg19.insert_size_metrics.txt
EE87961,EGAR00002027874,blood plasma,Healthy,,,HiSeq 2000,100,47821867,"Cristiano et al., 2019",10.1038/s41586-019-1272-6,http://finaledb.research.cchmc.org/data/entries/EE87961/hg19/EE87961.hg19.insert_size_metrics.txt
EE87962,EGAR00002027875,blood plasma,Healthy,,,HiSeq 2000,100,37111263,"Cristiano et al., 2019",10.1038/s41586-019-1272-6,http://finaledb.research.cchmc.org/data/entries/EE87962/hg19/EE87962.hg19.insert_size_metrics.txt
EE87963,EGAR00002027876,blood plasma,Healthy,,,HiSeq 2000,100,39911203,"Cristiano et al., 2019",10.1038/s41586-019-1272-6,http://finaledb.research.cchmc.org/data/entries/EE87963/hg19/EE87963.hg19.insert_size_metrics.txt
EE87964,EGAR00002027877,blood plasma,Healthy,,,HiSeq 2000,100,34511589,"Cristiano et al., 2019",10.1038/s41586-019-1272-6,http://finaledb.research.cchmc.org/data/entries/EE87964/hg19/EE87964.hg19.insert_size_metrics.txt
EE87965,EGAR00002027878,blood plasma,Healthy,,,HiSeq 2000,100,40479764,"Cristiano et al., 2019",10.1038/s41586-019-1272-6,http://finaledb.research.cchmc.org/data/entries/EE87965/hg19/EE87965.hg19.insert_size_metrics.txt
EE87966,EGAR00002027879,blood plasma,Healthy,,,HiSeq 2000,100,36251982,"Cristiano et al., 2019",10.1038/s41586-019-1272-6,http://finaledb.research.cchmc.org/data/entries/EE87966/hg19/EE87966.hg19.insert_size_metrics.txt
EE87967,EGAR00002027880,blood plasma,Healthy,,,HiSeq 2000,100,33678227,"Cristiano et al., 2019",10.1038/s41586-019-1272-6,http://finaledb.research.cchmc.org/data/entries/EE87967/hg19/EE87967.hg19.insert_size_metrics.txt
EE87968,EGAR00002027881,blood plasma,Healthy,,,HiSeq 2000,100,40994180,"Cristiano et al., 2019",10.1038/s41586-019-1272-6,http://finaledb.research.cchmc.org/data/entries/EE87968/hg19/EE87968.hg19.insert_size_metrics.txt
EE87969,EGAR00002027882,blood plasma,Healthy,,,HiSeq 2000,100,38881663,"Cristiano et al., 2019",10.1038/s41586-019-1272-6,http://finaledb.research.cchmc.org/data/entries/EE87969/hg19/EE87969.hg19.insert_size_metrics.txt
EE87970,EGAR00002027883,blood plasma,Healthy,,,HiSeq 2000,100,35818041,"Cristiano et al., 2019",10.1038/s41586-019-1272-6,http://finaledb.research.cchmc.org/data/entries/EE87970/hg19/EE87970.hg19.insert_size_metrics.txt
EE87971,EGAR00002027884,blood plasma,Healthy,,,HiSeq 2000,100,35419462,"Cristiano et al., 2019",10.1038/s41586-019-1272-6,http://finaledb.research.cchmc.org/data/entries/EE87971/hg19/EE87971.hg19.insert_size_metrics.txt
EE87972,EGAR00002027885,blood plasma,Healthy,,,HiSeq 2000,100,38793566,"Cristiano et al., 2019",10.1038/s41586-019-1272-6,http://finaledb.research.cchmc.org/data/entries/EE87972/hg19/EE87972.hg19.insert_size_metrics.txt
EE87973,EGAR00002027886,blood plasma,Healthy,,,HiSeq 2000,100,29421382,"Cristiano et al., 2019",10.1038/s41586-019-1272-6,http://finaledb.research.cchmc.org/data/entries/EE87973/hg19/EE87973.hg19.insert_size_metrics.txt
EE87974,EGAR00002027887,blood plasma,Healthy,,,HiSeq 2000,100,33080788,"Cristiano et al., 2019",10.1038/s41586-019-1272-6,http://finaledb.research.cchmc.org/data/entries/EE87974/hg19/EE87974.hg19.insert_size_metrics.txt
EE87975,EGAR00002027888,blood plasma,Healthy,,,HiSeq 2000,100,32229563,"Cristiano et al., 2019",10.1038/s41586-019-1272-6,http://finaledb.research.cchmc.org/data/entries/EE87975/hg19/EE87975.hg19.insert_size_metrics.txt
EE87976,EGAR00002027889,blood plasma,Healthy,,,HiSeq 2000,100,33336574,"Cristiano et al., 2019",10.1038/s41586-019-1272-6,http://finaledb.research.cchmc.org/data/entries/EE87976/hg19/EE87976.hg19.insert_size_metrics.txt
EE87977,EGAR00002027890,blood plasma,Healthy,,,HiSeq 2000,100,213739250,"Cristiano et al., 2019",10.1038/s41586-019-1272-6,http://finaledb.research.cchmc.org/data/entries/EE87977/hg19/EE87977.hg19.insert_size_metrics.txt
EE87978,EGAR00002027891,blood plasma,Healthy,,,HiSeq 2000,100,40972943,"Cristiano et al., 2019",10.1038/s41586-019-1272-6,http://finaledb.research.cchmc.org/data/entries/EE87978/hg19/EE87978.hg19.insert_size_metrics.txt
EE87979,EGAR00002027892,blood plasma,Healthy,,,HiSeq 2000,100,58745795,"Cristiano et al., 2019",10.1038/s41586-019-1272-6,http://finaledb.research.cchmc.org/data/entries/EE87979/hg19/EE87979.hg19.insert_size_metrics.txt
EE87980,EGAR00002027893,blood plasma,Healthy,,,HiSeq 2000,100,32408395,"Cristiano et al., 2019",10.1038/s41586-019-1272-6,http://finaledb.research.cchmc.org/data/entries/EE87980/hg19/EE87980.hg19.insert_size_metrics.txt
EE87981,EGAR00002027894,blood plasma,Healthy,,,HiSeq 2000,100,35831734,"Cristiano et al., 2019",10.1038/s41586-019-1272-6,http://finaledb.research.cchmc.org/data/entries/EE87981/hg19/EE87981.hg19.insert_size_metrics.txt
EE87982,EGAR00002027895,blood plasma,Healthy,,,HiSeq 2000,100,33185796,"Cristiano et al., 2019",10.1038/s41586-019-1272-6,http://finaledb.research.cchmc.org/data/entries/EE87982/hg19/EE87982.hg19.insert_size_metrics.txt
EE87983,EGAR00002027896,blood plasma,Healthy,,,HiSeq 2000,100,38009286,"Cristiano et al., 2019",10.1038/s41586-019-1272-6,http://finaledb.research.cchmc.org/data/entries/EE87983/hg19/EE87983.hg19.insert_size_metrics.txt
EE87984,EGAR00002027897,blood plasma,Healthy,,,HiSeq 2000,100,38707023,"Cristiano et al., 2019",10.1038/s41586-019-1272-6,http://finaledb.research.cchmc.org/data/entries/EE87984/hg19/EE87984.hg19.insert_size_metrics.txt
EE87985,EGAR00002027898,blood plasma,Healthy,,,HiSeq 2000,100,52686235,"Cristiano et al., 2019",10.1038/s41586-019-1272-6,http://finaledb.research.cchmc.org/data/entries/EE87985/hg19/EE87985.hg19.insert_size_metrics.txt
EE87986,EGAR00002027899,blood plasma,Healthy,,,HiSeq 2000,100,56592768,"Cristiano et al., 2019",10.1038/s41586-019-1272-6,http://finaledb.research.cchmc.org/data/entries/EE87986/hg19/EE87986.hg19.insert_size_metrics.txt
EE87987,EGAR00002027900,blood plasma,Healthy,,,HiSeq 2000,100,168725040,"Cristiano et al., 2019",10.1038/s41586-019-1272-6,http://finaledb.research.cchmc.org/data/entries/EE87987/hg19/EE87987.hg19.insert_size_metrics.txt
EE87988,EGAR00002027901,blood plasma,Healthy,,,HiSeq 2000,100,32771735,"Cristiano et al., 2019",10.1038/s41586-019-1272-6,http://finaledb.research.cchmc.org/data/entries/EE87988/hg19/EE87988.hg19.insert_size_metrics.txt
EE87989,EGAR00002027902,blood plasma,Healthy,,,HiSeq 2000,100,33143191,"Cristiano et al., 2019",10.1038/s41586-019-1272-6,http://finaledb.research.cchmc.org/data/entries/EE87989/hg19/EE87989.hg19.insert_size_metrics.txt
EE87990,EGAR00002027903,blood plasma,Healthy,,,HiSeq 2000,100,51144841,"Cristiano et al., 2019",10.1038/s41586-019-1272-6,http://finaledb.research.cchmc.org/data/entries/EE87990/hg19/EE87990.hg19.insert_size_metrics.txt
EE87991,EGAR00002027904,blood plasma,Healthy,,,HiSeq 2000,100,27136565,"Cristiano et al., 2019",10.1038/s41586-019-1272-6,http://finaledb.research.cchmc.org/data/entries/EE87991/hg19/EE87991.hg19.insert_size_metrics.txt
EE87992,EGAR00002027905,blood plasma,Healthy,,,HiSeq 2000,100,49150590,"Cristiano et al., 2019",10.1038/s41586-019-1272-6,http://finaledb.research.cchmc.org/data/entries/EE87992/hg19/EE87992.hg19.insert_size_metrics.txt
EE87993,EGAR00002027906,blood plasma,Healthy,,,HiSeq 2000,100,26586325,"Cristiano et al., 2019",10.1038/s41586-019-1272-6,http://finaledb.research.cchmc.org/data/entries/EE87993/hg19/EE87993.hg19.insert_size_metrics.txt
EE87994,EGAR00002027907,blood plasma,Healthy,,,HiSeq 2000,100,31459183,"Cristiano et al., 2019",10.1038/s41586-019-1272-6,http://finaledb.research.cchmc.org/data/entries/EE87994/hg19/EE87994.hg19.insert_size_metrics.txt
EE87995,EGAR00002027908,blood plasma,Healthy,,,HiSeq 2000,100,31551655,"Cristiano et al., 2019",10.1038/s41586-019-1272-6,http://finaledb.research.cchmc.org/data/entries/EE87995/hg19/EE87995.hg19.insert_size_metrics.txt
EE87996,EGAR00002027909,blood plasma,Healthy,,,HiSeq 2000,100,33482853,"Cristiano et al., 2019",10.1038/s41586-019-1272-6,http://finaledb.research.cchmc.org/data/entries/EE87996/hg19/EE87996.hg19.insert_size_metrics.txt
EE87997,EGAR00002027910,blood plasma,Healthy,,,HiSeq 2000,100,48528978,"Cristiano et al., 2019",10.1038/s41586-019-1272-6,http://finaledb.research.cchmc.org/data/entries/EE87997/hg19/EE87997.hg19.insert_size_metrics.txt
EE87998,EGAR00002027911,blood plasma,Healthy,,,HiSeq 2000,100,39356095,"Cristiano et al., 2019",10.1038/s41586-019-1272-6,http://finaledb.research.cchmc.org/data/entries/EE87998/hg19/EE87998.hg19.insert_size_metrics.txt
EE87999,EGAR00002027912,blood plasma,Healthy,,,HiSeq 2000,100,206496773,"Cristiano et al., 2019",10.1038/s41586-019-1272-6,http://finaledb.research.cchmc.org/data/entries/EE87999/hg19/EE87999.hg19.insert_size_metrics.txt
EE88000,EGAR00002027913,blood plasma,Healthy,,,HiSeq 2000,100,41477044,"Cristiano et al., 2019",10.1038/s41586-019-1272-6,http://finaledb.research.cchmc.org/data/entries/EE88000/hg19/EE88000.hg19.insert_size_metrics.txt
EE88001,EGAR00002027914,blood plasma,Healthy,,,HiSeq 2000,100,35842096,"Cristiano et al., 2019",10.1038/s41586-019-1272-6,http://finaledb.research.cchmc.org/data/entries/EE88001/hg19/EE88001.hg19.insert_size_metrics.txt
EE88002,EGAR00002027915,blood plasma,Healthy,,,HiSeq 2000,100,58676381,"Cristiano et al., 2019",10.1038/s41586-019-1272-6,http://finaledb.research.cchmc.org/data/entries/EE88002/hg19/EE88002.hg19.insert_size_metrics.txt
EE88003,EGAR00002027916,blood plasma,Healthy,,,HiSeq 2000,100,73473128,"Cristiano et al., 2019",10.1038/s41586-019-1272-6,http://finaledb.research.cchmc.org/data/entries/EE88003/hg19/EE88003.hg19.insert_size_metrics.txt
EE88004,EGAR00002027917,blood plasma,Healthy,,,HiSeq 2000,100,83119097,"Cristiano et al., 2019",10.1038/s41586-019-1272-6,http://finaledb.research.cchmc.org/data/entries/EE88004/hg19/EE88004.hg19.insert_size_metrics.txt
EE88005,EGAR00002027918,blood plasma,Healthy,,,HiSeq 2000,100,57341006,"Cristiano et al., 2019",10.1038/s41586-019-1272-6,http://finaledb.research.cchmc.org/data/entries/EE88005/hg19/EE88005.hg19.insert_size_metrics.txt
EE88006,EGAR00002027919,blood plasma,Healthy,,,HiSeq 2000,100,36643745,"Cristiano et al., 2019",10.1038/s41586-019-1272-6,http://finaledb.research.cchmc.org/data/entries/EE88006/hg19/EE88006.hg19.insert_size_metrics.txt
EE88007,EGAR00002027920,blood plasma,Healthy,,,HiSeq 2000,100,43051813,"Cristiano et al., 2019",10.1038/s41586-019-1272-6,http://finaledb.research.cchmc.org/data/entries/EE88007/hg19/EE88007.hg19.insert_size_metrics.txt
EE88008,EGAR00002027921,blood plasma,Healthy,,,HiSeq 2000,100,32973019,"Cristiano et al., 2019",10.1038/s41586-019-1272-6,http://finaledb.research.cchmc.org/data/entries/EE88008/hg19/EE88008.hg19.insert_size_metrics.txt
EE88009,EGAR00002027922,blood plasma,Healthy,,,HiSeq 2000,100,34780130,"Cristiano et al., 2019",10.1038/s41586-019-1272-6,http://finaledb.research.cchmc.org/data/entries/EE88009/hg19/EE88009.hg19.insert_size_metrics.txt
EE88010,EGAR00002027923,blood plasma,Healthy,,,HiSeq 2000,100,29606818,"Cristiano et al., 2019",10.1038/s41586-019-1272-6,http://finaledb.research.cchmc.org/data/entries/EE88010/hg19/EE88010.hg19.insert_size_metrics.txt
EE88011,EGAR00002027924,blood plasma,Healthy,,,HiSeq 2000,100,37220704,"Cristiano et al., 2019",10.1038/s41586-019-1272-6,http://finaledb.research.cchmc.org/data/entries/EE88011/hg19/EE88011.hg19.insert_size_metrics.txt
EE88012,EGAR00002027925,blood plasma,Healthy,,,HiSeq 2000,100,31982439,"Cristiano et al., 2019",10.1038/s41586-019-1272-6,http://finaledb.research.cchmc.org/data/entries/EE88012/hg19/EE88012.hg19.insert_size_metrics.txt
EE88013,EGAR00002027926,blood plasma,Healthy,,,HiSeq 2000,100,33468160,"Cristiano et al., 2019",10.1038/s41586-019-1272-6,http://finaledb.research.cchmc.org/data/entries/EE88013/hg19/EE88013.hg19.insert_size_metrics.txt
EE88014,EGAR00002027927,blood plasma,Healthy,,,HiSeq 2000,100,31614847,"Cristiano et al., 2019",10.1038/s41586-019-1272-6,http://finaledb.research.cchmc.org/data/entries/EE88014/hg19/EE88014.hg19.insert_size_metrics.txt
EE88015,EGAR00002027928,blood plasma,Healthy,,,HiSeq 2000,100,36694398,"Cristiano et al., 2019",10.1038/s41586-019-1272-6,http://finaledb.research.cchmc.org/data/entries/EE88015/hg19/EE88015.hg19.insert_size_metrics.txt
EE88016,EGAR00002027929,blood plasma,Healthy,,,HiSeq 2000,100,32262619,"Cristiano et al., 2019",10.1038/s41586-019-1272-6,http://finaledb.research.cchmc.org/data/entries/EE88016/hg19/EE88016.hg19.insert_size_metrics.txt
EE88017,EGAR00002027930,blood plasma,Healthy,,,HiSeq 2000,100,39578040,"Cristiano et al., 2019",10.1038/s41586-019-1272-6,http://finaledb.research.cchmc.org/data/entries/EE88017/hg19/EE88017.hg19.insert_size_metrics.txt
EE88018,EGAR00002027931,blood plasma,Healthy,,,HiSeq 2000,100,38057643,"Cristiano et al., 2019",10.1038/s41586-019-1272-6,http://finaledb.research.cchmc.org/data/entries/EE88018/hg19/EE88018.hg19.insert_size_metrics.txt
EE88019,EGAR00002027932,blood plasma,Healthy,,,HiSeq 2000,100,33627283,"Cristiano et al., 2019",10.1038/s41586-019-1272-6,http://finaledb.research.cchmc.org/data/entries/EE88019/hg19/EE88019.hg19.insert_size_metrics.txt
EE88020,EGAR00002027933,blood plasma,Healthy,,,HiSeq 2000,100,34154054,"Cristiano et al., 2019",10.1038/s41586-019-1272-6,http://finaledb.research.cchmc.org/data/entries/EE88020/hg19/EE88020.hg19.insert_size_metrics.txt
EE88021,EGAR00002027934,blood plasma,Healthy,,,HiSeq 2000,100,33988783,"Cristiano et al., 2019",10.1038/s41586-019-1272-6,http://finaledb.research.cchmc.org/data/entries/EE88021/hg19/EE88021.hg19.insert_size_metrics.txt
EE88022,EGAR00002027935,blood plasma,Healthy,,,HiSeq 2000,100,57382376,"Cristiano et al., 2019",10.1038/s41586-019-1272-6,http://finaledb.research.cchmc.org/data/entries/EE88022/hg19/EE88022.hg19.insert_size_metrics.txt
EE88023,EGAR00002027936,blood plasma,Healthy,,,HiSeq 2000,100,38004387,"Cristiano et al., 2019",10.1038/s41586-019-1272-6,http://finaledb.research.cchmc.org/data/entries/EE88023/hg19/EE88023.hg19.insert_size_metrics.txt
EE88024,EGAR00002027937,blood plasma,Healthy,,,HiSeq 2000,100,41960794,"Cristiano et al., 2019",10.1038/s41586-019-1272-6,http://finaledb.research.cchmc.org/data/entries/EE88024/hg19/EE88024.hg19.insert_size_metrics.txt
EE88025,EGAR00002027938,blood plasma,Healthy,,,HiSeq 2000,100,35740313,"Cristiano et al., 2019",10.1038/s41586-019-1272-6,http://finaledb.research.cchmc.org/data/entries/EE88025/hg19/EE88025.hg19.insert_size_metrics.txt
EE88026,EGAR00002027939,blood plasma,Healthy,,,HiSeq 2000,100,41155625,"Cristiano et al., 2019",10.1038/s41586-019-1272-6,http://finaledb.research.cchmc.org/data/entries/EE88026/hg19/EE88026.hg19.insert_size_metrics.txt
EE88027,EGAR00002027940,blood plasma,Healthy,,,HiSeq 2000,100,39398587,"Cristiano et al., 2019",10.1038/s41586-019-1272-6,http://finaledb.research.cchmc.org/data/entries/EE88027/hg19/EE88027.hg19.insert_size_metrics.txt
EE88028,EGAR00002027941,blood plasma,Healthy,,,HiSeq 2000,100,20897965,"Cristiano et al., 2019",10.1038/s41586-019-1272-6,http://finaledb.research.cchmc.org/data/entries/EE88028/hg19/EE88028.hg19.insert_size_metrics.txt
EE88029,EGAR00002027942,blood plasma,Healthy,,,HiSeq 2000,100,24591879,"Cristiano et al., 2019",10.1038/s41586-019-1272-6,http://finaledb.research.cchmc.org/data/entries/EE88029/hg19/EE88029.hg19.insert_size_metrics.txt
EE88030,EGAR00002027943,blood plasma,Healthy,,,HiSeq 2000,100,28390943,"Cristiano et al., 2019",10.1038/s41586-019-1272-6,http://finaledb.research.cchmc.org/data/entries/EE88030/hg19/EE88030.hg19.insert_size_metrics.txt
EE88031,EGAR00002027944,blood plasma,Healthy,,,HiSeq 2000,100,29737764,"Cristiano et al., 2019",10.1038/s41586-019-1272-6,http://finaledb.research.cchmc.org/data/entries/EE88031/hg19/EE88031.hg19.insert_size_metrics.txt
EE88032,EGAR00002027945,blood plasma,Healthy,,,HiSeq 2000,100,23299851,"Cristiano et al., 2019",10.1038/s41586-019-1272-6,http://finaledb.research.cchmc.org/data/entries/EE88032/hg19/EE88032.hg19.insert_size_metrics.txt
EE88033,EGAR00002027946,blood plasma,Healthy,,,HiSeq 2000,100,28358102,"Cristiano et al., 2019",10.1038/s41586-019-1272-6,http://finaledb.research.cchmc.org/data/entries/EE88033/hg19/EE88033.hg19.insert_size_metrics.txt
EE88034,EGAR00002027947,blood plasma,Healthy,,,HiSeq 2000,100,34926791,"Cristiano et al., 2019",10.1038/s41586-019-1272-6,http://finaledb.research.cchmc.org/data/entries/EE88034/hg19/EE88034.hg19.insert_size_metrics.txt
EE88035,EGAR00002027948,blood plasma,Healthy,,,HiSeq 2000,100,30107615,"Cristiano et al., 2019",10.1038/s41586-019-1272-6,http://finaledb.research.cchmc.org/data/entries/EE88035/hg19/EE88035.hg19.insert_size_metrics.txt
EE88036,EGAR00002027949,blood plasma,Healthy,,,HiSeq 2000,100,32627076,"Cristiano et al., 2019",10.1038/s41586-019-1272-6,http://finaledb.research.cchmc.org/data/entries/EE88036/hg19/EE88036.hg19.insert_size_metrics.txt
EE88037,EGAR00002027950,blood plasma,Healthy,,,HiSeq 2000,100,25182012,"Cristiano et al., 2019",10.1038/s41586-019-1272-6,http://finaledb.research.cchmc.org/data/entries/EE88037/hg19/EE88037.hg19.insert_size_metrics.txt
EE88038,EGAR00002027951,blood plasma,Healthy,,,HiSeq 2000,100,34032236,"Cristiano et al., 2019",10.1038/s41586-019-1272-6,http://finaledb.research.cchmc.org/data/entries/EE88038/hg19/EE88038.hg19.insert_size_metrics.txt
EE88039,EGAR00002027952,blood plasma,Healthy,,,HiSeq 2000,100,33142892,"Cristiano et al., 2019",10.1038/s41586-019-1272-6,http://finaledb.research.cchmc.org/data/entries/EE88039/hg19/EE88039.hg19.insert_size_metrics.txt
EE88040,EGAR00002027953,blood plasma,Healthy,,,HiSeq 2000,100,32033059,"Cristiano et al., 2019",10.1038/s41586-019-1272-6,http://finaledb.research.cchmc.org/data/entries/EE88040/hg19/EE88040.hg19.insert_size_metrics.txt
EE88041,EGAR00002027954,blood plasma,Healthy,,,HiSeq 2000,100,28507922,"Cristiano et al., 2019",10.1038/s41586-019-1272-6,http://finaledb.research.cchmc.org/data/entries/EE88041/hg19/EE88041.hg19.insert_size_metrics.txt
EE88042,EGAR00002027955,blood plasma,Healthy,,,HiSeq 2000,100,31994547,"Cristiano et al., 2019",10.1038/s41586-019-1272-6,http://finaledb.research.cchmc.org/data/entries/EE88042/hg19/EE88042.hg19.insert_size_metrics.txt
EE88043,EGAR00002027956,blood plasma,Healthy,,,HiSeq 2000,100,29776696,"Cristiano et al., 2019",10.1038/s41586-019-1272-6,http://finaledb.research.cchmc.org/data/entries/EE88043/hg19/EE88043.hg19.insert_size_metrics.txt
EE88044,EGAR00002027957,blood plasma,Healthy,,,HiSeq 2000,100,35199848,"Cristiano et al., 2019",10.1038/s41586-019-1272-6,http://finaledb.research.cchmc.org/data/entries/EE88044/hg19/EE88044.hg19.insert_size_metrics.txt
EE88045,EGAR00002027958,blood plasma,Healthy,,,HiSeq 2000,100,34599403,"Cristiano et al., 2019",10.1038/s41586-019-1272-6,http://finaledb.research.cchmc.org/data/entries/EE88045/hg19/EE88045.hg19.insert_size_metrics.txt
EE88046,EGAR00002027959,blood plasma,Healthy,,,HiSeq 2000,100,167987655,"Cristiano et al., 2019",10.1038/s41586-019-1272-6,http://finaledb.research.cchmc.org/data/entries/EE88046/hg19/EE88046.hg19.insert_size_metrics.txt
EE88047,EGAR00002027960,blood plasma,Healthy,,,HiSeq 2000,100,31475516,"Cristiano et al., 2019",10.1038/s41586-019-1272-6,http://finaledb.research.cchmc.org/data/entries/EE88047/hg19/EE88047.hg19.insert_size_metrics.txt
EE88048,EGAR00002027961,blood plasma,Healthy,,,HiSeq 2000,100,41077567,"Cristiano et al., 2019",10.1038/s41586-019-1272-6,http://finaledb.research.cchmc.org/data/entries/EE88048/hg19/EE88048.hg19.insert_size_metrics.txt
EE88049,EGAR00002027962,blood plasma,Healthy,,,HiSeq 2000,100,40853251,"Cristiano et al., 2019",10.1038/s41586-019-1272-6,http://finaledb.research.cchmc.org/data/entries/EE88049/hg19/EE88049.hg19.insert_size_metrics.txt
EE88050,EGAR00002027963,blood plasma,Healthy,,,HiSeq 2000,100,44958804,"Cristiano et al., 2019",10.1038/s41586-019-1272-6,http://finaledb.research.cchmc.org/data/entries/EE88050/hg19/EE88050.hg19.insert_size_metrics.txt
EE88051,EGAR00002027964,blood plasma,Healthy,,,HiSeq 2000,100,62891041,"Cristiano et al., 2019",10.1038/s41586-019-1272-6,http://finaledb.research.cchmc.org/data/entries/EE88051/hg19/EE88051.hg19.insert_size_metrics.txt
EE88052,EGAR00002027965,blood plasma,Healthy,,,HiSeq 2000,100,34628874,"Cristiano et al., 2019",10.1038/s41586-019-1272-6,http://finaledb.research.cchmc.org/data/entries/EE88052/hg19/EE88052.hg19.insert_size_metrics.txt
EE88053,EGAR00002027966,blood plasma,Healthy,,,HiSeq 2000,100,37601560,"Cristiano et al., 2019",10.1038/s41586-019-1272-6,http://finaledb.research.cchmc.org/data/entries/EE88053/hg19/EE88053.hg19.insert_size_metrics.txt
EE88054,EGAR00002027967,blood plasma,Healthy,,,HiSeq 2000,100,38223744,"Cristiano et al., 2019",10.1038/s41586-019-1272-6,http://finaledb.research.cchmc.org/data/entries/EE88054/hg19/EE88054.hg19.insert_size_metrics.txt
EE88055,EGAR00002027968,blood plasma,Healthy,,,HiSeq 2000,100,37114844,"Cristiano et al., 2019",10.1038/s41586-019-1272-6,http://finaledb.research.cchmc.org/data/entries/EE88055/hg19/EE88055.hg19.insert_size_metrics.txt
EE88056,EGAR00002027969,blood plasma,Healthy,,,HiSeq 2000,100,164800768,"Cristiano et al., 2019",10.1038/s41586-019-1272-6,http://finaledb.research.cchmc.org/data/entries/EE88056/hg19/EE88056.hg19.insert_size_metrics.txt
EE88057,EGAR00002027970,blood plasma,Healthy,,,HiSeq 2000,100,46679280,"Cristiano et al., 2019",10.1038/s41586-019-1272-6,http://finaledb.research.cchmc.org/data/entries/EE88057/hg19/EE88057.hg19.insert_size_metrics.txt
EE88058,EGAR00002027971,blood plasma,Healthy,,,HiSeq 2000,100,34078307,"Cristiano et al., 2019",10.1038/s41586-019-1272-6,http://finaledb.research.cchmc.org/data/entries/EE88058/hg19/EE88058.hg19.insert_size_metrics.txt
EE88059,EGAR00002027972,blood plasma,Healthy,,,HiSeq 2000,100,33762734,"Cristiano et al., 2019",10.1038/s41586-019-1272-6,http://finaledb.research.cchmc.org/data/entries/EE88059/hg19/EE88059.hg19.insert_size_metrics.txt
EE88060,EGAR00002027973,blood plasma,Healthy,,,HiSeq 2000,100,46607918,"Cristiano et al., 2019",10.1038/s41586-019-1272-6,http://finaledb.research.cchmc.org/data/entries/EE88060/hg19/EE88060.hg19.insert_size_metrics.txt
EE88061,EGAR00002027974,blood plasma,Healthy,,,HiSeq 2000,100,38502991,"Cristiano et al., 2019",10.1038/s41586-019-1272-6,http://finaledb.research.cchmc.org/data/entries/EE88061/hg19/EE88061.hg19.insert_size_metrics.txt
EE88062,EGAR00002027975,blood plasma,Healthy,,,HiSeq 2000,100,35801687,"Cristiano et al., 2019",10.1038/s41586-019-1272-6,http://finaledb.research.cchmc.org/data/entries/EE88062/hg19/EE88062.hg19.insert_size_metrics.txt
EE88063,EGAR00002027976,blood plasma,Healthy,,,HiSeq 2000,100,46342647,"Cristiano et al., 2019",10.1038/s41586-019-1272-6,http://finaledb.research.cchmc.org/data/entries/EE88063/hg19/EE88063.hg19.insert_size_metrics.txt
EE88064,EGAR00002027977,blood plasma,Healthy,,,HiSeq 2000,100,43076225,"Cristiano et al., 2019",10.1038/s41586-019-1272-6,http://finaledb.research.cchmc.org/data/entries/EE88064/hg19/EE88064.hg19.insert_size_metrics.txt
EE88065,EGAR00002027978,blood plasma,Healthy,,,HiSeq 2000,100,37124023,"Cristiano et al., 2019",10.1038/s41586-019-1272-6,http://finaledb.research.cchmc.org/data/entries/EE88065/hg19/EE88065.hg19.insert_size_metrics.txt
EE88066,EGAR00002027979,blood plasma,Healthy,,,HiSeq 2000,100,40186817,"Cristiano et al., 2019",10.1038/s41586-019-1272-6,http://finaledb.research.cchmc.org/data/entries/EE88066/hg19/EE88066.hg19.insert_size_metrics.txt
EE88067,EGAR00002027980,blood plasma,Healthy,,,HiSeq 2000,100,46866456,"Cristiano et al., 2019",10.1038/s41586-019-1272-6,http://finaledb.research.cchmc.org/data/entries/EE88067/hg19/EE88067.hg19.insert_size_metrics.txt
EE88068,EGAR00002027981,blood plasma,Healthy,,,HiSeq 2000,100,44851929,"Cristiano et al., 2019",10.1038/s41586-019-1272-6,http://finaledb.research.cchmc.org/data/entries/EE88068/hg19/EE88068.hg19.insert_size_metrics.txt
EE88069,EGAR00002027982,blood plasma,Healthy,,,HiSeq 2000,100,43241110,"Cristiano et al., 2019",10.1038/s41586-019-1272-6,http://finaledb.research.cchmc.org/data/entries/EE88069/hg19/EE88069.hg19.insert_size_metrics.txt
EE88070,EGAR00002027983,blood plasma,Healthy,,,HiSeq 2000,100,39315492,"Cristiano et al., 2019",10.1038/s41586-019-1272-6,http://finaledb.research.cchmc.org/data/entries/EE88070/hg19/EE88070.hg19.insert_size_metrics.txt
EE88071,EGAR00002027984,blood plasma,Healthy,,,HiSeq 2000,100,35538963,"Cristiano et al., 2019",10.1038/s41586-019-1272-6,http://finaledb.research.cchmc.org/data/entries/EE88071/hg19/EE88071.hg19.insert_size_metrics.txt
EE88072,EGAR00002027985,blood plasma,Healthy,,,HiSeq 2000,100,35156496,"Cristiano et al., 2019",10.1038/s41586-019-1272-6,http://finaledb.research.cchmc.org/data/entries/EE88072/hg19/EE88072.hg19.insert_size_metrics.txt
EE88073,EGAR00002027986,blood plasma,Healthy,,,HiSeq 2000,100,34775337,"Cristiano et al., 2019",10.1038/s41586-019-1272-6,http://finaledb.research.cchmc.org/data/entries/EE88073/hg19/EE88073.hg19.insert_size_metrics.txt
EE88074,EGAR00002027987,blood plasma,Healthy,,,HiSeq 2000,100,38069521,"Cristiano et al., 2019",10.1038/s41586-019-1272-6,http://finaledb.research.cchmc.org/data/entries/EE88074/hg19/EE88074.hg19.insert_size_metrics.txt
EE88075,EGAR00002027988,blood plasma,Healthy,,,HiSeq 2000,100,37509790,"Cristiano et al., 2019",10.1038/s41586-019-1272-6,http://finaledb.research.cchmc.org/data/entries/EE88075/hg19/EE88075.hg19.insert_size_metrics.txt
EE88076,EGAR00002027989,blood plasma,Healthy,,,HiSeq 2000,100,163882169,"Cristiano et al., 2019",10.1038/s41586-019-1272-6,http://finaledb.research.cchmc.org/data/entries/EE88076/hg19/EE88076.hg19.insert_size_metrics.txt
EE88077,EGAR00002027990,blood plasma,Healthy,,,HiSeq 2000,100,36875509,"Cristiano et al., 2019",10.1038/s41586-019-1272-6,http://finaledb.research.cchmc.org/data/entries/EE88077/hg19/EE88077.hg19.insert_size_metrics.txt
EE88078,EGAR00002027991,blood plasma,Healthy,,,HiSeq 2000,100,35453427,"Cristiano et al., 2019",10.1038/s41586-019-1272-6,http://finaledb.research.cchmc.org/data/entries/EE88078/hg19/EE88078.hg19.insert_size_metrics.txt
EE88079,EGAR00002027992,blood plasma,Healthy,,,HiSeq 2000,100,28317438,"Cristiano et al., 2019",10.1038/s41586-019-1272-6,http://finaledb.research.cchmc.org/data/entries/EE88079/hg19/EE88079.hg19.insert_size_metrics.txt
EE88080,EGAR00002027993,blood plasma,Healthy,,,HiSeq 2000,100,42627869,"Cristiano et al., 2019",10.1038/s41586-019-1272-6,http://finaledb.research.cchmc.org/data/entries/EE88080/hg19/EE88080.hg19.insert_size_metrics.txt
EE88081,EGAR00002027994,blood plasma,Healthy,,,HiSeq 2000,100,31208029,"Cristiano et al., 2019",10.1038/s41586-019-1272-6,http://finaledb.research.cchmc.org/data/entries/EE88081/hg19/EE88081.hg19.insert_size_metrics.txt
EE88082,EGAR00002027995,blood plasma,Healthy,,,HiSeq 2000,100,35060823,"Cristiano et al., 2019",10.1038/s41586-019-1272-6,http://finaledb.research.cchmc.org/data/entries/EE88082/hg19/EE88082.hg19.insert_size_metrics.txt
EE88083,EGAR00002027996,blood plasma,Healthy,,,HiSeq 2000,100,37171962,"Cristiano et al., 2019",10.1038/s41586-019-1272-6,http://finaledb.research.cchmc.org/data/entries/EE88083/hg19/EE88083.hg19.insert_size_metrics.txt
EE88084,EGAR00002027997,blood plasma,Healthy,,,HiSeq 2000,100,37863103,"Cristiano et al., 2019",10.1038/s41586-019-1272-6,http://finaledb.research.cchmc.org/data/entries/EE88084/hg19/EE88084.hg19.insert_size_metrics.txt
EE88085,EGAR00002027998,blood plasma,Healthy,,,HiSeq 2000,100,30027618,"Cristiano et al., 2019",10.1038/s41586-019-1272-6,http://finaledb.research.cchmc.org/data/entries/EE88085/hg19/EE88085.hg19.insert_size_metrics.txt
EE88086,EGAR00002027999,blood plasma,Healthy,,,HiSeq 2000,100,37467458,"Cristiano et al., 2019",10.1038/s41586-019-1272-6,http://finaledb.research.cchmc.org/data/entries/EE88086/hg19/EE88086.hg19.insert_size_metrics.txt
EE88087,EGAR00002028000,blood plasma,Healthy,,,HiSeq 2000,100,151318621,"Cristiano et al., 2019",10.1038/s41586-019-1272-6,http://finaledb.research.cchmc.org/data/entries/EE88087/hg19/EE88087.hg19.insert_size_metrics.txt
EE88088,EGAR00002028001,blood plasma,Healthy,,,HiSeq 2000,100,30680206,"Cristiano et al., 2019",10.1038/s41586-019-1272-6,http://finaledb.research.cchmc.org/data/entries/EE88088/hg19/EE88088.hg19.insert_size_metrics.txt
EE88089,EGAR00002028002,blood plasma,Healthy,,,HiSeq 2000,100,37493842,"Cristiano et al., 2019",10.1038/s41586-019-1272-6,http://finaledb.research.cchmc.org/data/entries/EE88089/hg19/EE88089.hg19.insert_size_metrics.txt
EE88090,EGAR00002028003,blood plasma,Healthy,,,HiSeq 2000,100,28660530,"Cristiano et al., 2019",10.1038/s41586-019-1272-6,http://finaledb.research.cchmc.org/data/entries/EE88090/hg19/EE88090.hg19.insert_size_metrics.txt
EE88091,EGAR00002028004,blood plasma,Healthy,,,HiSeq 2000,100,33542403,"Cristiano et al., 2019",10.1038/s41586-019-1272-6,http://finaledb.research.cchmc.org/data/entries/EE88091/hg19/EE88091.hg19.insert_size_metrics.txt
EE88092,EGAR00002028005,blood plasma,Healthy,,,HiSeq 2000,100,39765171,"Cristiano et al., 2019",10.1038/s41586-019-1272-6,http://finaledb.research.cchmc.org/data/entries/EE88092/hg19/EE88092.hg19.insert_size_metrics.txt
EE88093,EGAR00002028006,blood plasma,Healthy,,,HiSeq 2000,100,39607959,"Cristiano et al., 2019",10.1038/s41586-019-1272-6,http://finaledb.research.cchmc.org/data/entries/EE88093/hg19/EE88093.hg19.insert_size_metrics.txt
EE88094,EGAR00002028007,blood plasma,Healthy,,,HiSeq 2000,100,31340037,"Cristiano et al., 2019",10.1038/s41586-019-1272-6,http://finaledb.research.cchmc.org/data/entries/EE88094/hg19/EE88094.hg19.insert_size_metrics.txt
EE88095,EGAR00002028008,blood plasma,Healthy,,,HiSeq 2000,100,42246170,"Cristiano et al., 2019",10.1038/s41586-019-1272-6,http://finaledb.research.cchmc.org/data/entries/EE88095/hg19/EE88095.hg19.insert_size_metrics.txt
EE88096,EGAR00002028009,blood plasma,Healthy,,,HiSeq 2000,100,31197743,"Cristiano et al., 2019",10.1038/s41586-019-1272-6,http://finaledb.research.cchmc.org/data/entries/EE88096/hg19/EE88096.hg19.insert_size_metrics.txt
EE88097,EGAR00002028010,blood plasma,Healthy,,,HiSeq 2000,100,162473005,"Cristiano et al., 2019",10.1038/s41586-019-1272-6,http://finaledb.research.cchmc.org/data/entries/EE88097/hg19/EE88097.hg19.insert_size_metrics.txt
EE88098,EGAR00002028011,blood plasma,Healthy,,,HiSeq 2000,100,35710762,"Cristiano et al., 2019",10.1038/s41586-019-1272-6,http://finaledb.research.cchmc.org/data/entries/EE88098/hg19/EE88098.hg19.insert_size_metrics.txt
EE88099,EGAR00002028012,blood plasma,Healthy,,,HiSeq 2000,100,41796740,"Cristiano et al., 2019",10.1038/s41586-019-1272-6,http://finaledb.research.cchmc.org/data/entries/EE88099/hg19/EE88099.hg19.insert_size_metrics.txt
EE88100,EGAR00002028013,blood plasma,Healthy,,,HiSeq 2000,100,36871668,"Cristiano et al., 2019",10.1038/s41586-019-1272-6,http://finaledb.research.cchmc.org/data/entries/EE88100/hg19/EE88100.hg19.insert_size_metrics.txt
EE88101,EGAR00002028014,blood plasma,Healthy,,,HiSeq 2000,100,36309365,"Cristiano et al., 2019",10.1038/s41586-019-1272-6,http://finaledb.research.cchmc.org/data/entries/EE88101/hg19/EE88101.hg19.insert_size_metrics.txt
EE88102,EGAR00002028015,blood plasma,Healthy,,,HiSeq 2000,100,40412919,"Cristiano et al., 2019",10.1038/s41586-019-1272-6,http://finaledb.research.cchmc.org/data/entries/EE88102/hg19/EE88102.hg19.insert_size_metrics.txt
EE88103,EGAR00002028016,blood plasma,Healthy,,,HiSeq 2000,100,36147479,"Cristiano et al., 2019",10.1038/s41586-019-1272-6,http://finaledb.research.cchmc.org/data/entries/EE88103/hg19/EE88103.hg19.insert_size_metrics.txt
EE88104,EGAR00002028017,blood plasma,Healthy,,,HiSeq 2000,100,34965179,"Cristiano et al., 2019",10.1038/s41586-019-1272-6,http://finaledb.research.cchmc.org/data/entries/EE88104/hg19/EE88104.hg19.insert_size_metrics.txt
EE88105,EGAR00002028018,blood plasma,Healthy,,,HiSeq 2000,100,37185433,"Cristiano et al., 2019",10.1038/s41586-019-1272-6,http://finaledb.research.cchmc.org/data/entries/EE88105/hg19/EE88105.hg19.insert_size_metrics.txt
EE88106,EGAR00002028019,blood plasma,Healthy,,,HiSeq 2000,100,36754316,"Cristiano et al., 2019",10.1038/s41586-019-1272-6,http://finaledb.research.cchmc.org/data/entries/EE88106/hg19/EE88106.hg19.insert_size_metrics.txt
EE88107,EGAR00002028020,blood plasma,Healthy,,,HiSeq 2000,100,36130107,"Cristiano et al., 2019",10.1038/s41586-019-1272-6,http://finaledb.research.cchmc.org/data/entries/EE88107/hg19/EE88107.hg19.insert_size_metrics.txt
EE88108,EGAR00002028021,blood plasma,Healthy,,,HiSeq 2000,100,189017316,"Cristiano et al., 2019",10.1038/s41586-019-1272-6,http://finaledb.research.cchmc.org/data/entries/EE88108/hg19/EE88108.hg19.insert_size_metrics.txt
EE88109,EGAR00002028022,blood plasma,Healthy,,,HiSeq 2000,100,34361767,"Cristiano et al., 2019",10.1038/s41586-019-1272-6,http://finaledb.research.cchmc.org/data/entries/EE88109/hg19/EE88109.hg19.insert_size_metrics.txt
EE88110,EGAR00002028023,blood plasma,Healthy,,,HiSeq 2000,100,33168811,"Cristiano et al., 2019",10.1038/s41586-019-1272-6,http://finaledb.research.cchmc.org/data/entries/EE88110/hg19/EE88110.hg19.insert_size_metrics.txt
EE88111,EGAR00002028024,blood plasma,Healthy,,,HiSeq 2000,100,37782206,"Cristiano et al., 2019",10.1038/s41586-019-1272-6,http://finaledb.research.cchmc.org/data/entries/EE88111/hg19/EE88111.hg19.insert_size_metrics.txt
EE88112,EGAR00002028025,blood plasma,Healthy,,,HiSeq 2000,100,39099548,"Cristiano et al., 2019",10.1038/s41586-019-1272-6,http://finaledb.research.cchmc.org/data/entries/EE88112/hg19/EE88112.hg19.insert_size_metrics.txt
EE88113,EGAR00002028026,blood plasma,Healthy,,,HiSeq 2000,100,38497585,"Cristiano et al., 2019",10.1038/s41586-019-1272-6,http://finaledb.research.cchmc.org/data/entries/EE88113/hg19/EE88113.hg19.insert_size_metrics.txt
EE88114,EGAR00002028027,blood plasma,Healthy,,,HiSeq 2000,100,37439738,"Cristiano et al., 2019",10.1038/s41586-019-1272-6,http://finaledb.research.cchmc.org/data/entries/EE88114/hg19/EE88114.hg19.insert_size_metrics.txt
EE88115,EGAR00002028028,blood plasma,Healthy,,,HiSeq 2000,100,37403529,"Cristiano et al., 2019",10.1038/s41586-019-1272-6,http://finaledb.research.cchmc.org/data/entries/EE88115/hg19/EE88115.hg19.insert_size_metrics.txt
EE88116,EGAR00002028029,blood plasma,Healthy,,,HiSeq 2000,100,35475061,"Cristiano et al., 2019",10.1038/s41586-019-1272-6,http://finaledb.research.cchmc.org/data/entries/EE88116/hg19/EE88116.hg19.insert_size_metrics.txt
EE88117,EGAR00002028030,blood plasma,Healthy,,,HiSeq 2000,100,37095520,"Cristiano et al., 2019",10.1038/s41586-019-1272-6,http://finaledb.research.cchmc.org/data/entries/EE88117/hg19/EE88117.hg19.insert_size_metrics.txt
EE88118,EGAR00002028031,blood plasma,Healthy,,,HiSeq 2000,100,142885979,"Cristiano et al., 2019",10.1038/s41586-019-1272-6,http://finaledb.research.cchmc.org/data/entries/EE88118/hg19/EE88118.hg19.insert_size_metrics.txt
EE88119,EGAR00002028032,blood plasma,Healthy,,,HiSeq 2000,100,35110036,"Cristiano et al., 2019",10.1038/s41586-019-1272-6,http://finaledb.research.cchmc.org/data/entries/EE88119/hg19/EE88119.hg19.insert_size_metrics.txt
EE88120,EGAR00002028033,blood plasma,Healthy,,,HiSeq 2000,100,40926652,"Cristiano et al., 2019",10.1038/s41586-019-1272-6,http://finaledb.research.cchmc.org/data/entries/EE88120/hg19/EE88120.hg19.insert_size_metrics.txt
EE88121,EGAR00002028034,blood plasma,Healthy,,,HiSeq 2000,100,32443286,"Cristiano et al., 2019",10.1038/s41586-019-1272-6,http://finaledb.research.cchmc.org/data/entries/EE88121/hg19/EE88121.hg19.insert_size_metrics.txt
EE88122,EGAR00002028035,blood plasma,Healthy,,,HiSeq 2000,100,48135533,"Cristiano et al., 2019",10.1038/s41586-019-1272-6,http://finaledb.research.cchmc.org/data/entries/EE88122/hg19/EE88122.hg19.insert_size_metrics.txt
EE88123,EGAR00002028036,blood plasma,Healthy,,,HiSeq 2000,100,47985783,"Cristiano et al., 2019",10.1038/s41586-019-1272-6,http://finaledb.research.cchmc.org/data/entries/EE88123/hg19/EE88123.hg19.insert_size_metrics.txt
EE88124,EGAR00002028037,blood plasma,Healthy,,,HiSeq 2000,100,39698339,"Cristiano et al., 2019",10.1038/s41586-019-1272-6,http://finaledb.research.cchmc.org/data/entries/EE88124/hg19/EE88124.hg19.insert_size_metrics.txt
EE88125,EGAR00002028038,blood plasma,Healthy,,,HiSeq 2000,100,50096035,"Cristiano et al., 2019",10.1038/s41586-019-1272-6,http://finaledb.research.cchmc.org/data/entries/EE88125/hg19/EE88125.hg19.insert_size_metrics.txt
EE88126,EGAR00002028039,blood plasma,Healthy,,,HiSeq 2000,100,43709761,"Cristiano et al., 2019",10.1038/s41586-019-1272-6,http://finaledb.research.cchmc.org/data/entries/EE88126/hg19/EE88126.hg19.insert_size_metrics.txt
EE88127,EGAR00002028040,blood plasma,Healthy,,,HiSeq 2000,100,35814564,"Cristiano et al., 2019",10.1038/s41586-019-1272-6,http://finaledb.research.cchmc.org/data/entries/EE88127/hg19/EE88127.hg19.insert_size_metrics.txt
EE88128,EGAR00002028041,blood plasma,Healthy,,,HiSeq 2000,100,45343761,"Cristiano et al., 2019",10.1038/s41586-019-1272-6,http://finaledb.research.cchmc.org/data/entries/EE88128/hg19/EE88128.hg19.insert_size_metrics.txt
EE88129,EGAR00002028042,blood plasma,Healthy,,,HiSeq 2000,100,46848242,"Cristiano et al., 2019",10.1038/s41586-019-1272-6,http://finaledb.research.cchmc.org/data/entries/EE88129/hg19/EE88129.hg19.insert_size_metrics.txt
EE88130,EGAR00002028043,blood plasma,Healthy,,,HiSeq 2000,100,175601875,"Cristiano et al., 2019",10.1038/s41586-019-1272-6,http://finaledb.research.cchmc.org/data/entries/EE88130/hg19/EE88130.hg19.insert_size_metrics.txt
EE88131,EGAR00002028044,blood plasma,Healthy,,,HiSeq 2000,100,42289183,"Cristiano et al., 2019",10.1038/s41586-019-1272-6,http://finaledb.research.cchmc.org/data/entries/EE88131/hg19/EE88131.hg19.insert_size_metrics.txt
EE88132,EGAR00002028045,blood plasma,Healthy,,,HiSeq 2000,100,41556050,"Cristiano et al., 2019",10.1038/s41586-019-1272-6,http://finaledb.research.cchmc.org/data/entries/EE88132/hg19/EE88132.hg19.insert_size_metrics.txt
EE88133,EGAR00002028046,blood plasma,Healthy,,,HiSeq 2000,100,36468594,"Cristiano et al., 2019",10.1038/s41586-019-1272-6,http://finaledb.research.cchmc.org/data/entries/EE88133/hg19/EE88133.hg19.insert_size_metrics.txt
EE88134,EGAR00002028047,blood plasma,Healthy,,,HiSeq 2000,100,40705845,"Cristiano et al., 2019",10.1038/s41586-019-1272-6,http://finaledb.research.cchmc.org/data/entries/EE88134/hg19/EE88134.hg19.insert_size_metrics.txt
EE88135,EGAR00002028048,blood plasma,Healthy,,,HiSeq 2000,100,41870108,"Cristiano et al., 2019",10.1038/s41586-019-1272-6,http://finaledb.research.cchmc.org/data/entries/EE88135/hg19/EE88135.hg19.insert_size_metrics.txt
EE88136,EGAR00002028049,blood plasma,Healthy,,,HiSeq 2000,100,37452024,"Cristiano et al., 2019",10.1038/s41586-019-1272-6,http://finaledb.research.cchmc.org/data/entries/EE88136/hg19/EE88136.hg19.insert_size_metrics.txt
EE88137,EGAR00002028050,blood plasma,Healthy,,,HiSeq 2000,100,33312537,"Cristiano et al., 2019",10.1038/s41586-019-1272-6,http://finaledb.research.cchmc.org/data/entries/EE88137/hg19/EE88137.hg19.insert_size_metrics.txt
EE88138,EGAR00002028051,blood plasma,Healthy,,,HiSeq 2000,100,47331364,"Cristiano et al., 2019",10.1038/s41586-019-1272-6,http://finaledb.research.cchmc.org/data/entries/EE88138/hg19/EE88138.hg19.insert_size_metrics.txt
EE88139,EGAR00002028052,blood plasma,Healthy,,,HiSeq 2000,100,40920192,"Cristiano et al., 2019",10.1038/s41586-019-1272-6,http://finaledb.research.cchmc.org/data/entries/EE88139/hg19/EE88139.hg19.insert_size_metrics.txt
EE88140,EGAR00002028053,blood plasma,Healthy,,,HiSeq 2000,100,49625332,"Cristiano et al., 2019",10.1038/s41586-019-1272-6,http://finaledb.research.cchmc.org/data/entries/EE88140/hg19/EE88140.hg19.insert_size_metrics.txt
EE88141,EGAR00002028054,blood plasma,Healthy,,,HiSeq 2000,100,36315582,"Cristiano et al., 2019",10.1038/s41586-019-1272-6,http://finaledb.research.cchmc.org/data/entries/EE88141/hg19/EE88141.hg19.insert_size_metrics.txt
EE88142,EGAR00002028055,blood plasma,Healthy,,,HiSeq 2000,100,44348622,"Cristiano et al., 2019",10.1038/s41586-019-1272-6,http://finaledb.research.cchmc.org/data/entries/EE88142/hg19/EE88142.hg19.insert_size_metrics.txt
EE88143,EGAR00002028056,blood plasma,Healthy,,,HiSeq 2000,100,150264324,"Cristiano et al., 2019",10.1038/s41586-019-1272-6,http://finaledb.research.cchmc.org/data/entries/EE88143/hg19/EE88143.hg19.insert_size_metrics.txt
EE88144,EGAR00002028057,blood plasma,Healthy,,,HiSeq 2000,100,50593470,"Cristiano et al., 2019",10.1038/s41586-019-1272-6,http://finaledb.research.cchmc.org/data/entries/EE88144/hg19/EE88144.hg19.insert_size_metrics.txt
EE88145,EGAR00002028058,blood plasma,Healthy,,,HiSeq 2000,100,53440905,"Cristiano et al., 2019",10.1038/s41586-019-1272-6,http://finaledb.research.cchmc.org/data/entries/EE88145/hg19/EE88145.hg19.insert_size_metrics.txt
EE88146,EGAR00002028059,blood plasma,Healthy,,,HiSeq 2000,100,47155676,"Cristiano et al., 2019",10.1038/s41586-019-1272-6,http://finaledb.research.cchmc.org/data/entries/EE88146/hg19/EE88146.hg19.insert_size_metrics.txt
EE88147,EGAR00002028060,blood plasma,Healthy,,,HiSeq 2000,100,48035450,"Cristiano et al., 2019",10.1038/s41586-019-1272-6,http://finaledb.research.cchmc.org/data/entries/EE88147/hg19/EE88147.hg19.insert_size_metrics.txt
EE88148,EGAR00002028061,blood plasma,Healthy,,,HiSeq 2000,100,40294772,"Cristiano et al., 2019",10.1038/s41586-019-1272-6,http://finaledb.research.cchmc.org/data/entries/EE88148/hg19/EE88148.hg19.insert_size_metrics.txt
EE88149,EGAR00002028062,blood plasma,Healthy,,,HiSeq 2000,100,35847569,"Cristiano et al., 2019",10.1038/s41586-019-1272-6,http://finaledb.research.cchmc.org/data/entries/EE88149/hg19/EE88149.hg19.insert_size_metrics.txt
EE88150,EGAR00002028063,blood plasma,Healthy,,,HiSeq 2000,100,39385964,"Cristiano et al., 2019",10.1038/s41586-019-1272-6,http://finaledb.research.cchmc.org/data/entries/EE88150/hg19/EE88150.hg19.insert_size_metrics.txt
EE88151,EGAR00002028064,blood plasma,Healthy,,,HiSeq 2000,100,54131252,"Cristiano et al., 2019",10.1038/s41586-019-1272-6,http://finaledb.research.cchmc.org/data/entries/EE88151/hg19/EE88151.hg19.insert_size_metrics.txt
EE88152,EGAR00002028065,blood plasma,Healthy,,,HiSeq 2000,100,36994851,"Cristiano et al., 2019",10.1038/s41586-019-1272-6,http://finaledb.research.cchmc.org/data/entries/EE88152/hg19/EE88152.hg19.insert_size_metrics.txt
EE88153,EGAR00002028066,blood plasma,Healthy,,,HiSeq 2000,100,58114010,"Cristiano et al., 2019",10.1038/s41586-019-1272-6,http://finaledb.research.cchmc.org/data/entries/EE88153/hg19/EE88153.hg19.insert_size_metrics.txt
EE88154,EGAR00002028067,blood plasma,Healthy,,,HiSeq 2000,100,52416366,"Cristiano et al., 2019",10.1038/s41586-019-1272-6,http://finaledb.research.cchmc.org/data/entries/EE88154/hg19/EE88154.hg19.insert_size_metrics.txt
EE88155,EGAR00002028068,blood plasma,Healthy,,,HiSeq 2000,100,219514537,"Cristiano et al., 2019",10.1038/s41586-019-1272-6,http://finaledb.research.cchmc.org/data/entries/EE88155/hg19/EE88155.hg19.insert_size_metrics.txt
EE88156,EGAR00002028069,blood plasma,Healthy,,,HiSeq 2000,100,40672692,"Cristiano et al., 2019",10.1038/s41586-019-1272-6,http://finaledb.research.cchmc.org/data/entries/EE88156/hg19/EE88156.hg19.insert_size_metrics.txt
EE88157,EGAR00002028070,blood plasma,Healthy,,,HiSeq 2000,100,202713853,"Cristiano et al., 2019",10.1038/s41586-019-1272-6,http://finaledb.research.cchmc.org/data/entries/EE88157/hg19/EE88157.hg19.insert_size_metrics.txt
EE88158,EGAR00002028071,blood plasma,Healthy,,,HiSeq 2000,100,193466557,"Cristiano et al., 2019",10.1038/s41586-019-1272-6,http://finaledb.research.cchmc.org/data/entries/EE88158/hg19/EE88158.hg19.insert_size_metrics.txt
EE88159,EGAR00002028072,blood plasma,Healthy,,,HiSeq 2000,100,141826314,"Cristiano et al., 2019",10.1038/s41586-019-1272-6,http://finaledb.research.cchmc.org/data/entries/EE88159/hg19/EE88159.hg19.insert_size_metrics.txt
EE88160,EGAR00002028073,blood plasma,Healthy,,,HiSeq 2000,100,153547149,"Cristiano et al., 2019",10.1038/s41586-019-1272-6,http://finaledb.research.cchmc.org/data/entries/EE88160/hg19/EE88160.hg19.insert_size_metrics.txt
EE88161,EGAR00002028074,blood plasma,Healthy,,,HiSeq 2000,100,174429295,"Cristiano et al., 2019",10.1038/s41586-019-1272-6,http://finaledb.research.cchmc.org/data/entries/EE88161/hg19/EE88161.hg19.insert_size_metrics.txt
EE88162,EGAR00002028075,blood plasma,Healthy,,,HiSeq 2000,100,27955440,"Cristiano et al., 2019",10.1038/s41586-019-1272-6,http://finaledb.research.cchmc.org/data/entries/EE88162/hg19/EE88162.hg19.insert_size_metrics.txt
EE88163,EGAR00002028076,blood plasma,Healthy,,,HiSeq 2000,100,37746223,"Cristiano et al., 2019",10.1038/s41586-019-1272-6,http://finaledb.research.cchmc.org/data/entries/EE88163/hg19/EE88163.hg19.insert_size_metrics.txt
EE88164,EGAR00002028077,blood plasma,Healthy,,,HiSeq 2000,100,43459773,"Cristiano et al., 2019",10.1038/s41586-019-1272-6,http://finaledb.research.cchmc.org/data/entries/EE88164/hg19/EE88164.hg19.insert_size_metrics.txt
EE88165,EGAR00002028078,blood plasma,Healthy,,,HiSeq 2000,100,161841065,"Cristiano et al., 2019",10.1038/s41586-019-1272-6,http://finaledb.research.cchmc.org/data/entries/EE88165/hg19/EE88165.hg19.insert_size_metrics.txt
EE88166,EGAR00002028079,blood plasma,Healthy,,,HiSeq 2000,100,35407858,"Cristiano et al., 2019",10.1038/s41586-019-1272-6,http://finaledb.research.cchmc.org/data/entries/EE88166/hg19/EE88166.hg19.insert_size_metrics.txt
EE88167,EGAR00002028080,blood plasma,Healthy,,,HiSeq 2000,100,144089576,"Cristiano et al., 2019",10.1038/s41586-019-1272-6,http://finaledb.research.cchmc.org/data/entries/EE88167/hg19/EE88167.hg19.insert_size_metrics.txt
EE88168,EGAR00002028081,blood plasma,Healthy,,,HiSeq 2000,100,36382186,"Cristiano et al., 2019",10.1038/s41586-019-1272-6,http://finaledb.research.cchmc.org/data/entries/EE88168/hg19/EE88168.hg19.insert_size_metrics.txt
EE88169,EGAR00002028082,blood plasma,Healthy,,,HiSeq 2000,100,33305594,"Cristiano et al., 2019",10.1038/s41586-019-1272-6,http://finaledb.research.cchmc.org/data/entries/EE88169/hg19/EE88169.hg19.insert_size_metrics.txt
EE88170,EGAR00002028083,blood plasma,Healthy,,,HiSeq 2000,100,35804881,"Cristiano et al., 2019",10.1038/s41586-019-1272-6,http://finaledb.research.cchmc.org/data/entries/EE88170/hg19/EE88170.hg19.insert_size_metrics.txt
EE88171,EGAR00002028084,blood plasma,Healthy,,,HiSeq 2000,100,31327990,"Cristiano et al., 2019",10.1038/s41586-019-1272-6,http://finaledb.research.cchmc.org/data/entries/EE88171/hg19/EE88171.hg19.insert_size_metrics.txt
EE88172,EGAR00002028085,blood plasma,Healthy,,,HiSeq 2000,100,34580248,"Cristiano et al., 2019",10.1038/s41586-019-1272-6,http://finaledb.research.cchmc.org/data/entries/EE88172/hg19/EE88172.hg19.insert_size_metrics.txt
EE88173,EGAR00002028086,blood plasma,Healthy,,,HiSeq 2000,100,101038114,"Cristiano et al., 2019",10.1038/s41586-019-1272-6,http://finaledb.research.cchmc.org/data/entries/EE88173/hg19/EE88173.hg19.insert_size_metrics.txt
EE88174,EGAR00002028087,blood plasma,Healthy,,,HiSeq 2000,100,138275131,"Cristiano et al., 2019",10.1038/s41586-019-1272-6,http://finaledb.research.cchmc.org/data/entries/EE88174/hg19/EE88174.hg19.insert_size_metrics.txt
EE88175,EGAR00002028088,blood plasma,Healthy,,,HiSeq 2000,100,137485010,"Cristiano et al., 2019",10.1038/s41586-019-1272-6,http://finaledb.research.cchmc.org/data/entries/EE88175/hg19/EE88175.hg19.insert_size_metrics.txt
EE88176,EGAR00002028089,blood plasma,Healthy,,,HiSeq 2000,100,139361061,"Cristiano et al., 2019",10.1038/s41586-019-1272-6,http://finaledb.research.cchmc.org/data/entries/EE88176/hg19/EE88176.hg19.insert_size_metrics.txt
EE88177,EGAR00002028090,blood plasma,Healthy,,,HiSeq 2000,100,140726925,"Cristiano et al., 2019",10.1038/s41586-019-1272-6,http://finaledb.research.cchmc.org/data/entries/EE88177/hg19/EE88177.hg19.insert_size_metrics.txt
EE88178,EGAR00002028091,blood plasma,Healthy,,,HiSeq 2000,100,147927938,"Cristiano et al., 2019",10.1038/s41586-019-1272-6,http://finaledb.research.cchmc.org/data/entries/EE88178/hg19/EE88178.hg19.insert_size_metrics.txt
EE88179,EGAR00002028092,blood plasma,Healthy,,,HiSeq 2000,100,111574845,"Cristiano et al., 2019",10.1038/s41586-019-1272-6,http://finaledb.research.cchmc.org/data/entries/EE88179/hg19/EE88179.hg19.insert_size_metrics.txt
EE88180,EGAR00002028093,blood plasma,Healthy,,,HiSeq 2000,100,129134735,"Cristiano et al., 2019",10.1038/s41586-019-1272-6,http://finaledb.research.cchmc.org/data/entries/EE88180/hg19/EE88180.hg19.insert_size_metrics.txt
EE88181,EGAR00002028094,blood plasma,Healthy,,,HiSeq 2000,100,111873242,"Cristiano et al., 2019",10.1038/s41586-019-1272-6,http://finaledb.research.cchmc.org/data/entries/EE88181/hg19/EE88181.hg19.insert_size_metrics.txt
EE88182,EGAR00002028095,blood plasma,Healthy,,,HiSeq 2000,100,112795320,"Cristiano et al., 2019",10.1038/s41586-019-1272-6,http://finaledb.research.cchmc.org/data/entries/EE88182/hg19/EE88182.hg19.insert_size_metrics.txt
