EE_id,disease,publication,instrument,n_fragments_total_in_pred_range,mean_length,median_length,mode_length,sd_length,short_fraction,long_fraction,mononuc_fraction,short_long_ratio
EE87883,Colorectal cancer,"Cristiano et al., 2019",HiSeq 2000,29002835,165.44635664065254,166.0,166.0,19.400105152341528,0.19674666286933673,0.7932301445703498,0.5697914703855674,0.24803225673666734
EE87951,Healthy,"Cristiano et al., 2019",HiSeq 2000,37859266,166.6845692676662,167.0,167.0,21.18435388310423,0.1965457280656207,0.7900527707008371,0.5332510144280135,0.24877544305207566
EE88071,Healthy,"Cristiano et al., 2019",HiSeq 2000,35538963,171.49348246317712,171.0,168.0,20.44504485619709,0.13260021121043966,0.8491055577507988,0.5378788627006365,0.15616457812581655
EE87890,Colorectal cancer,"Cristiano et al., 2019",HiSeq 2000,49790664,162.42439369758154,164.0,166.0,17.451187042112863,0.22114459047985383,0.7746405229703304,0.601245044653351,0.28548027623430167
EE88063,Healthy,"Cristiano et al., 2019",HiSeq 2000,46342647,170.25233711833508,170.0,167.0,18.906048410237613,0.1297680514451408,0.8586908727936926,0.5714014997891683,0.15112312888915336
EE87946,Healthy,"Cristiano et al., 2019",HiSeq 2000,45995521,166.9329856052723,167.0,166.0,20.38430727160087,0.18649772441973209,0.8016162921602736,0.5460706706637805,0.23265211329118557
EE88159,Healthy,"Cristiano et al., 2019",HiSeq 2000,141795801,165.0460603413778,166.0,166.0,20.02885614491616,0.208588130194349,0.7811563475000223,0.5569667821122574,0.26702481630201824
EE87939,Healthy,"Cristiano et al., 2019",HiSeq 2000,60438893,169.93770294568432,169.0,166.0,18.78067913519357,0.12989804429409388,0.8575139521499839,0.5833976806954423,0.15148213503513233
EE87959,Healthy,"Cristiano et al., 2019",HiSeq 2000,35476986,163.94585233367908,165.0,166.0,19.4832781562649,0.2174224721344705,0.7747330621603538,0.5653928718747415,0.2806417884479913
EE88088,Healthy,"Cristiano et al., 2019",HiSeq 2000,30680206,167.82828394307393,168.0,167.0,18.82370018048806,0.15914632385453997,0.8324714638487108,0.581995114374395,0.19117330835434188
EE85753,Colorectal cancer,"Sun et al., 2019",HiSeq 2000,13443494,147.55050420671887,149.0,165.0,28.82873336537902,0.46595327077915905,0.46961429818765865,0.33635920840222044,0.9922041824053733
EE87870,Colorectal cancer,"Cristiano et al., 2019",HiSeq 2000,50740683,158.70430352701402,161.0,165.0,18.489238199376622,0.292426966345723,0.7026672857359842,0.5565535253043401,0.41616704275542105
EE88040,Healthy,"Cristiano et al., 2019",HiSeq 2000,32033059,167.29950779911465,168.0,167.0,19.89042497397616,0.1768773004164229,0.8112021396395518,0.558555397409907,0.21804343427276499
EE88153,Healthy,"Cristiano et al., 2019",HiSeq 2000,58114010,168.15063245506548,168.0,167.0,20.35903123620383,0.16747675818619298,0.8186092647883014,0.5552611323844284,0.20458693223989313
EE86255,Colorectal cancer,"Snyder et al., 2016",HiSeq 2000,31104160,143.9582272274834,145.0,167.0,41.35829464267523,0.40777985967150376,0.40589786060771293,0.27441821286927537,1.0046366321344318
EE87937,Healthy,"Cristiano et al., 2019",HiSeq 2000,57074066,169.48154067032826,169.0,167.0,19.420255901040367,0.14586882595678394,0.8402837989499469,0.5687822907167679,0.1735947142371037
EE88046,Healthy,"Cristiano et al., 2019",HiSeq 2000,167987655,167.06101191781028,167.0,166.0,19.34661807237543,0.17541088956804593,0.8133608805956605,0.5730779383758884,0.21566182214170998
EE88032,Healthy,"Cristiano et al., 2019",HiSeq 2000,23299727,165.7811542598761,166.0,166.0,20.903403615783517,0.20829771953980405,0.7783853433132499,0.5347480680782225,0.26760231462371925
EE87868,Colorectal cancer,"Cristiano et al., 2019",HiSeq 2000,34443952,164.6071529771032,166.0,166.0,18.782177641329714,0.20081299033281663,0.7924719555990555,0.5832000056207255,0.25340075306641674
EE88149,Healthy,"Cristiano et al., 2019",HiSeq 2000,35842939,166.6252156945054,167.0,166.0,21.0808015166425,0.19900664395852136,0.7861409188571283,0.5320014912839597,0.2531437293047055
EE85731,Colorectal cancer,"Sun et al., 2019",HiSeq 2000,21925535,144.3448798854851,145.0,159.0,30.352391711987703,0.5034105211115715,0.4131342291077504,0.2892192140351421,1.2185156436899252
EE87966,Healthy,"Cristiano et al., 2019",HiSeq 2000,36251982,168.4662685477445,168.0,167.0,18.792443780465756,0.14907204246101635,0.8413060836232348,0.5856949559337197,0.17719120943356428
EE87869,Colorectal cancer,"Cristiano et al., 2019",HiSeq 2000,45850552,164.57970355515022,165.0,166.0,18.937181856808362,0.20726356795006526,0.783740749729687,0.5771023432825847,0.26445424462304745
EE85733,Colorectal cancer,"Sun et al., 2019",HiSeq 2000,16022764,145.68617905125484,147.0,165.0,30.586437291985714,0.4840908846938019,0.43558221290658716,0.3112477347853342,1.1113651346401918
EE88005,Healthy,"Cristiano et al., 2019",HiSeq 2000,57341006,168.73652453882653,168.0,167.0,19.881592642530038,0.1575809465219358,0.8279571516411832,0.5627177172301442,0.19032500197573943
EE88062,Healthy,"Cristiano et al., 2019",HiSeq 2000,35801687,168.8431893446809,168.0,167.0,20.555923472031225,0.16292078638640686,0.8203395834391827,0.5498707365381972,0.19860163970557115
EE88170,Healthy,"Cristiano et al., 2019",HiSeq 2000,35804881,169.2263965630831,169.0,167.0,19.3989620048438,0.14813231749045613,0.8401044539150961,0.5647560454117974,0.17632607088335575
EE87999,Healthy,"Cristiano et al., 2019",HiSeq 2000,206496773,167.7310292350186,168.0,166.0,19.117669994746347,0.16296571859745237,0.8275060889208181,0.5744028890950271,0.19693597519020326
EE87936,Healthy,"Cristiano et al., 2019",HiSeq 2000,56534373,167.55033979062614,168.0,166.0,19.102929015762037,0.1671068325105507,0.8220550885034137,0.5749260012134565,0.2032793602856663
EE88089,Healthy,"Cristiano et al., 2019",HiSeq 2000,37493842,165.83480623298087,167.0,166.0,18.05351579552049,0.17642915868691184,0.81776674153585,0.6002227779164376,0.21574508930940348
EE87929,Healthy,"Cristiano et al., 2019",HiSeq 2000,59658027,166.1219703594958,167.0,166.0,21.28266532456727,0.2051704794058979,0.781168793932793,0.5303707747492219,0.26264551400340436
EE87879,Colorectal cancer,"Cristiano et al., 2019",HiSeq 2000,31643384,165.53256304698638,166.0,166.0,20.338607468561893,0.20576301194587784,0.7823777317874725,0.5475466214359375,0.26299701996346175
EE85737,Colorectal cancer,"Sun et al., 2019",HiSeq 2000,15467967,143.63540638533817,144.0,165.0,32.47408351899884,0.5082636263705502,0.3928858912098791,0.27909065231390784,1.2936672905340763
EE88105,Healthy,"Cristiano et al., 2019",HiSeq 2000,37185433,169.08924379070697,169.0,167.0,19.472936283117832,0.15140832164035847,0.8362896836511222,0.5620813128624857,0.18104769746690072
EE87865,Colorectal cancer,"Cristiano et al., 2019",HiSeq 2000,30721865,160.57268453591604,163.0,166.0,22.46467893917948,0.30113269490638017,0.6836455078492142,0.49755924648454775,0.4404807629816218
EE88073,Healthy,"Cristiano et al., 2019",HiSeq 2000,34775337,168.64443447377664,169.0,167.0,19.740179566151483,0.1571001598057842,0.8315595906374682,0.5624925791517131,0.188922311250541
EE87987,Healthy,"Cristiano et al., 2019",HiSeq 2000,168725040,168.44944298724124,168.0,167.0,19.40671807553543,0.1555732213784036,0.8333884822312089,0.5714330901921849,0.18667551171560656
EE87872,Colorectal cancer,"Cristiano et al., 2019",HiSeq 2000,32360574,163.65774871607655,165.0,167.0,22.075186407603592,0.24581860012742665,0.7407264469412688,0.5149503528583887,0.33186151398063596
EE88036,Healthy,"Cristiano et al., 2019",HiSeq 2000,32627076,167.32637405202968,168.0,167.0,20.124955644068713,0.17909925486427286,0.8091029364690847,0.5491615613976564,0.2213553390942564
EE87996,Healthy,"Cristiano et al., 2019",HiSeq 2000,33480567,169.04242180247425,169.0,167.0,22.902778250598985,0.18551943878369803,0.7916609058621976,0.49811441365374726,0.23434204898832142
EE85726,Colorectal cancer,"Sun et al., 2019",HiSeq 2000,35827296,146.29578564902025,148.0,165.0,26.538175685634403,0.4851783679125547,0.45946205373690496,0.33901961230900596,1.0559704854111311
EE86234,Colorectal cancer,"Snyder et al., 2016",HiSeq 2000,33873602,149.29157156065068,149.0,166.0,43.10838426363474,0.3993339415158742,0.43854970014703487,0.29533965711706717,0.9105785305108803
EE88091,Healthy,"Cristiano et al., 2019",HiSeq 2000,33542403,166.94113972693012,167.0,167.0,19.7438666624905,0.1802343141604971,0.8085050734140902,0.5658893013717592,0.2229229229192318
EE87940,Healthy,"Cristiano et al., 2019",HiSeq 2000,30928847,167.4415838715229,168.0,167.0,20.00825942596718,0.17709396021131987,0.8109993560380703,0.554553650189417,0.21836510583247204
EE88035,Healthy,"Cristiano et al., 2019",HiSeq 2000,30107615,167.95804380386824,168.0,167.0,20.706085418244626,0.17662249234952684,0.8083593801767427,0.5418871604409715,0.21849501184845466
EE88106,Healthy,"Cristiano et al., 2019",HiSeq 2000,36754316,167.19512843063112,167.0,166.0,19.118804934972523,0.17174448301527365,0.818752306531837,0.5725678040097386,0.20976366313124445
EE88130,Healthy,"Cristiano et al., 2019",HiSeq 2000,175601875,166.94743576627528,167.0,166.0,18.586329060082733,0.16836677284909402,0.8234990543238789,0.5885372408466595,0.20445290369802419
EE87871,Colorectal cancer,"Cristiano et al., 2019",HiSeq 2000,44560446,166.12202918705077,167.0,166.0,19.819889112029824,0.18882930390777508,0.802479198704609,0.5634736016780443,0.23530741259410856
EE88114,Healthy,"Cristiano et al., 2019",HiSeq 2000,37439738,168.53233011406223,168.0,167.0,19.790322709584018,0.15946989265790268,0.8272720284527633,0.5631788876300363,0.19276596714645033
EE87886,Colorectal cancer,"Cristiano et al., 2019",HiSeq 2000,37574431,162.32207819727196,164.0,166.0,20.35022145307571,0.2588656631952723,0.731495761040267,0.5290026347970512,0.3538853907056646
EE87967,Healthy,"Cristiano et al., 2019",HiSeq 2000,33678227,166.66141795409837,167.0,167.0,19.7547199165506,0.18405143477416433,0.8052669459113747,0.5632193167413475,0.2285595301144032
EE85746,Colorectal cancer,"Sun et al., 2019",HiSeq 2000,18230702,147.38547714728702,149.0,165.0,28.73800261904398,0.46750223880572456,0.4678625101765143,0.3353326163742899,0.9992299631559411
EE85732,Colorectal cancer,"Sun et al., 2019",HiSeq 2000,36184753,145.92002664768776,148.0,165.0,26.438844822924363,0.4891593428867678,0.45469126181405745,0.336189554755286,1.0758054617878403
EE88096,Healthy,"Cristiano et al., 2019",HiSeq 2000,31197743,169.0120245236971,169.0,167.0,20.786629979866536,0.16316161076139385,0.8204234517862398,0.5429576748548766,0.19887487419594801
EE87945,Healthy,"Cristiano et al., 2019",HiSeq 2000,44945901,166.0426114274581,167.0,166.0,20.622832618345328,0.20068842317790003,0.7879657368532895,0.5430015965193355,0.25469181436662647
EE88127,Healthy,"Cristiano et al., 2019",HiSeq 2000,35814564,165.22788449972475,166.0,166.0,20.366477766113466,0.20851335786190223,0.7808327919334715,0.5498185040030084,0.26703970429519047
EE87874,Colorectal cancer,"Cristiano et al., 2019",HiSeq 2000,1256193,160.33737889002725,162.0,165.0,17.015057390958578,0.2506565472025397,0.7459681752724303,0.5934287167656562,0.3360150680838349
EE88134,Healthy,"Cristiano et al., 2019",HiSeq 2000,40705845,169.3824763249602,169.0,168.0,21.269480350621638,0.1672972763493793,0.815274735114822,0.5219324644900505,0.20520355794641107
EE85750,Colorectal cancer,"Sun et al., 2019",HiSeq 2000,21009330,147.26673792072378,149.0,165.0,28.954314911803046,0.47548460612499305,0.4597202290601366,0.32245235807139017,1.0342912407772125
EE88115,Healthy,"Cristiano et al., 2019",HiSeq 2000,37403529,169.3674302496965,169.0,167.0,19.612286256261033,0.14519793038779844,0.8423325777629165,0.5643007375052765,0.17237601182827095
EE88057,Healthy,"Cristiano et al., 2019",HiSeq 2000,46679280,166.80044786466286,167.0,166.0,19.773417392378857,0.18126134336262256,0.8061800010625699,0.5659529881352069,0.22483979151518838
EE88154,Healthy,"Cristiano et al., 2019",HiSeq 2000,52416366,164.3646617928454,166.0,166.0,19.851872968902274,0.21521923133702173,0.7758910070186857,0.5596827334424519,0.2773833301200237
EE87889,Colorectal cancer,"Cristiano et al., 2019",HiSeq 2000,61985853,160.46973003662626,162.0,166.0,21.638645460657862,0.29825252223277465,0.6833093512482599,0.5122618381971771,0.43648242437767193
EE88146,Healthy,"Cristiano et al., 2019",HiSeq 2000,47155676,167.8392824227565,168.0,167.0,20.538349196299254,0.1761215977478512,0.8101145024408091,0.544737880546978,0.21740333893197955
EE87885,Colorectal cancer,"Cristiano et al., 2019",HiSeq 2000,26150681,166.50272641083419,167.0,166.0,18.852886234077694,0.17394438026298437,0.8169467173722933,0.5867510295429782,0.21292010429085992
EE88169,Healthy,"Cristiano et al., 2019",HiSeq 2000,33305594,166.43767809695873,167.0,166.0,19.717038897738814,0.18820054673097858,0.80156357517599,0.5596385099752312,0.2347917901454761
EE87873,Colorectal cancer,"Cristiano et al., 2019",HiSeq 2000,54913736,161.04030031757446,163.0,165.0,15.847497054193997,0.22652661986064834,0.7719742834470413,0.6273945010771076,0.2934380389579239
EE87887,Colorectal cancer,"Cristiano et al., 2019",HiSeq 2000,46729775,161.9350776672903,163.0,166.0,20.601988805158992,0.2731195688402095,0.7085566964531714,0.5342251701404511,0.38545901860410964
EE88003,Healthy,"Cristiano et al., 2019",HiSeq 2000,73473128,170.04180701276255,169.0,167.0,20.015053363607507,0.14317900008286022,0.8417760572273444,0.5540354699475977,0.1700915568381281
EE88011,Healthy,"Cristiano et al., 2019",HiSeq 2000,37220704,166.32125867366722,167.0,166.0,19.977211106618142,0.19161053482491894,0.7974835188501539,0.5578379441721467,0.24026895891364786
EE88160,Healthy,"Cristiano et al., 2019",HiSeq 2000,153547142,169.49790631075373,169.0,167.0,20.208317367986176,0.1521127303040261,0.8319336611292967,0.5524009688177719,0.18284237964063482
EE87875,Colorectal cancer,"Cristiano et al., 2019",HiSeq 2000,32991433,164.22690369345278,165.0,166.0,19.42254489693353,0.21560148660411327,0.7750785787328486,0.5654462781292343,0.2781672626749578
EE87878,Colorectal cancer,"Cristiano et al., 2019",HiSeq 2000,39969515,164.4100722012764,165.0,166.0,17.14503292088813,0.18890411855135095,0.8067133414053185,0.6103715294018454,0.23416511027606707
EE88129,Healthy,"Cristiano et al., 2019",HiSeq 2000,46848242,166.31718494367408,167.0,166.0,19.711626036502683,0.18540441709637684,0.8041370474477997,0.5682169674584587,0.23056320770796515
EE87998,Healthy,"Cristiano et al., 2019",HiSeq 2000,39356095,166.22464581407277,167.0,166.0,19.663404825267644,0.18859965654620967,0.8011189626409836,0.5634438579335679,0.23542028754939037
EE86259,Colorectal cancer,"Snyder et al., 2016",HiSeq 2000,559965058,141.18510065497694,142.0,166.0,41.03018187455494,0.4281798311779661,0.3727818852582762,0.26176345989074196,1.1486068613052596
EE88058,Healthy,"Cristiano et al., 2019",HiSeq 2000,34078307,167.3347854105546,167.0,166.0,19.23779306651284,0.1704517187429528,0.8187769715203281,0.5738256304809978,0.20817844745493178
EE87867,Colorectal cancer,"Cristiano et al., 2019",HiSeq 2000,37918479,164.30418005426853,166.0,166.0,20.58328540868519,0.22162191684956561,0.7681616396058503,0.5475752337006977,0.2885094821492018
EE85723,Colorectal cancer,"Sun et al., 2019",HiSeq 2000,21534497,144.6982919545323,145.0,160.0,30.47029867937094,0.500254730816327,0.4171182637792747,0.2914430738735156,1.1993115004934076
EE87877,Colorectal cancer,"Cristiano et al., 2019",HiSeq 2000,36593125,164.2320702590992,165.0,166.0,19.191500547264194,0.2107278348050351,0.7805894139951152,0.5734405574817674,0.2699598931613923
EE87891,Colorectal cancer,"Cristiano et al., 2019",HiSeq 2000,52934914,161.4842545130044,159.0,166.0,29.464342025206133,0.3729794290399716,0.5748411530431503,0.38988821253209177,0.6488391220173724
EE88102,Healthy,"Cristiano et al., 2019",HiSeq 2000,40412919,167.72878232329617,168.0,166.0,18.112724076763275,0.15292038172248829,0.8390698033962852,0.595886602499562,0.18224989280214313
EE88181,Healthy,"Cristiano et al., 2019",HiSeq 2000,111873200,165.85566027431057,166.0,166.0,20.80142007785928,0.20669481162601946,0.7802639327381357,0.5393117475856595,0.2649037113642779
EE87954,Healthy,"Cristiano et al., 2019",HiSeq 2000,30492549,168.45685485329548,168.0,167.0,21.157021714429423,0.17625312334498502,0.8069718605682982,0.5327606754030304,0.21841297318702207
EE85739,Colorectal cancer,"Sun et al., 2019",HiSeq 2000,5536546,145.81636854457633,147.0,165.0,31.980831998648185,0.4797801734149775,0.431779307893405,0.3012305867232025,1.1111699070429346
EE85752,Colorectal cancer,"Sun et al., 2019",HiSeq 2000,18548429,147.1804466566953,149.0,165.0,27.985069586442354,0.4789690814246317,0.46186757918959065,0.3311594205633264,1.0370268514301175
EE87988,Healthy,"Cristiano et al., 2019",HiSeq 2000,32771735,167.74826236694517,168.0,167.0,20.62182954771612,0.1775019540466808,0.8087272462077458,0.5448318802773182,0.219483088864653
EE88152,Healthy,"Cristiano et al., 2019",HiSeq 2000,36994851,167.6409031894736,168.0,167.0,20.99769241101678,0.18415357315535613,0.8015135944188557,0.5362957942444477,0.22975726729735413
EE87976,Healthy,"Cristiano et al., 2019",HiSeq 2000,33336574,168.56669074632563,169.0,167.0,20.874954958651067,0.16953940737881462,0.8148724880967072,0.541280096748994,0.20805636446851555
EE88039,Healthy,"Cristiano et al., 2019",HiSeq 2000,33142892,166.14352703439397,167.0,166.0,18.856742976367894,0.17963332831667195,0.8126864728642268,0.5837057611025616,0.22103644432959912
EE85727,Colorectal cancer,"Sun et al., 2019",HiSeq 2000,18423573,145.55045620086833,147.0,165.0,30.538204984270905,0.48547325754890214,0.4340085932299886,0.3103075608623799,1.118579827961244
EE88113,Healthy,"Cristiano et al., 2019",HiSeq 2000,38497585,165.44794822844082,166.0,166.0,19.655125533407585,0.20001420868347974,0.7897914895181087,0.5638670581544271,0.25324938460088803
EE88136,Healthy,"Cristiano et al., 2019",HiSeq 2000,37452024,165.51752401952962,166.0,166.0,19.706206676202918,0.1932747346311644,0.7972003328845458,0.5713587068084758,0.24244186393127776
EE88117,Healthy,"Cristiano et al., 2019",HiSeq 2000,37095520,166.88836724758139,167.0,166.0,19.607990200991573,0.18016569116701964,0.8090318183974776,0.5676917320474278,0.22269296098129995
EE87884,Colorectal cancer,"Cristiano et al., 2019",HiSeq 2000,49803609,157.2004273626034,159.0,165.0,17.38272449578141,0.3195439109643641,0.6768496837247276,0.544910269454569,0.4721046912601076
EE87881,Colorectal cancer,"Cristiano et al., 2019",HiSeq 2000,28934790,158.38437019933443,161.0,165.0,18.1099528583306,0.2991343638574878,0.6962526080196193,0.5547413684357135,0.429634819908723
EE85743,Colorectal cancer,"Sun et al., 2019",HiSeq 2000,16001316,147.45241703869857,149.0,165.0,27.939531621068397,0.47575486916201143,0.46577856471305235,0.33335214428613247,1.0214185563801226
EE87876,Colorectal cancer,"Cristiano et al., 2019",HiSeq 2000,38122891,162.76838744994444,164.0,166.0,21.087220697733514,0.24984065348034598,0.7377563259827278,0.5349607142858079,0.3386492866022476
EE87888,Colorectal cancer,"Cristiano et al., 2019",HiSeq 2000,47719662,160.8613415157886,162.0,166.0,21.727925873999936,0.302196105244836,0.6796510209984303,0.5016224758674946,0.44463422537186753
EE85724,Colorectal cancer,"Sun et al., 2019",HiSeq 2000,29570855,146.19623737629502,147.0,165.0,31.461509196284194,0.48237475717222245,0.43480132718516257,0.3085552987899741,1.1094141784134905
EE87994,Healthy,"Cristiano et al., 2019",HiSeq 2000,31459183,166.28813580441678,167.0,166.0,20.341584695908423,0.19424499994167044,0.7941175713304442,0.5518417309184412,0.24460483806728686
EE88174,Healthy,"Cristiano et al., 2019",HiSeq 2000,138275131,165.61999770587815,167.0,166.0,19.68430899540873,0.19628256219117232,0.7947353671283088,0.5662750230914625,0.24697851676139485
EE88007,Healthy,"Cristiano et al., 2019",HiSeq 2000,43051813,167.2279860780776,167.0,166.0,18.35701555269322,0.1601039194330794,0.8314605008620659,0.5978986297278583,0.19255745674879585
EE88167,Healthy,"Cristiano et al., 2019",HiSeq 2000,144089576,169.37023599819602,169.0,167.0,19.97780506806445,0.14960030835263197,0.8351618093455976,0.5637219794442313,0.1791273339831635
EE85749,Colorectal cancer,"Sun et al., 2019",HiSeq 2000,32203413,143.49590107110697,145.0,165.0,29.524368768451136,0.5078910114278881,0.4083873345971124,0.3021980309975219,1.243650251614535
EE87931,Healthy,"Cristiano et al., 2019",HiSeq 2000,62707267,166.50356602210076,167.0,167.0,21.469150605265664,0.197048421836021,0.7884238839495269,0.5374094520815267,0.24992700734651463
EE85734,Colorectal cancer,"Sun et al., 2019",HiSeq 2000,9108082,141.73728288787913,141.0,141.0,33.73835112809287,0.524933569987622,0.35913532618612787,0.25030670562693663,1.4616595241749244
EE88017,Healthy,"Cristiano et al., 2019",HiSeq 2000,39578023,168.58826705416791,169.0,167.0,21.296630136599617,0.17578374240673922,0.8079149885783835,0.525608340770331,0.2175770283901408
EE87880,Colorectal cancer,"Cristiano et al., 2019",HiSeq 2000,22401665,166.10385464651847,166.0,166.0,20.0305910873072,0.1919051552641288,0.7961626066633887,0.562271420450221,0.24103763936914563
EE85730,Colorectal cancer,"Sun et al., 2019",HiSeq 2000,24968858,161.8424814222581,165.0,166.0,23.388924819244302,0.23265184975620432,0.7401204332212551,0.5408722337241054,0.3143432329568643
EE88061,Healthy,"Cristiano et al., 2019",HiSeq 2000,38502991,169.90830592875238,169.0,167.0,19.366261968671214,0.13854373027799322,0.8482251417818424,0.5660896318418484,0.1633336757584883
EE87866,Colorectal cancer,"Cristiano et al., 2019",HiSeq 2000,28634006,164.78473420729185,166.0,166.0,20.09749542899025,0.21120310584554602,0.778954820362893,0.5540051573642891,0.27113652849231035
EE88151,Healthy,"Cristiano et al., 2019",HiSeq 2000,54131252,168.05653536334242,168.0,167.0,20.713544297697485,0.1770598433599873,0.8092227388348602,0.5395533988388076,0.21880235794525826
EE87981,Healthy,"Cristiano et al., 2019",HiSeq 2000,35831734,165.97152035678764,167.0,166.0,19.949226450846204,0.19391018028879092,0.7952859049467157,0.5619848595661042,0.2438244901395341
EE87926,Healthy,"Cristiano et al., 2019",HiSeq 2000,48281687,168.2078173449076,168.0,167.0,22.123885960674468,0.18477577223016253,0.7960028198683281,0.5190474806731588,0.2321295447932301
EE87882,Colorectal cancer,"Cristiano et al., 2019",HiSeq 2000,26760580,160.71192036943893,163.0,165.0,19.455940112370545,0.27030060633962344,0.7214119051231326,0.5500125931500738,0.3746827636473337
EE88038,Healthy,"Cristiano et al., 2019",HiSeq 2000,34032236,166.5138997331824,167.0,167.0,19.512793076595564,0.18315896140353516,0.8067692055261958,0.5655288121532772,0.22702770525812788
EE88013,Healthy,"Cristiano et al., 2019",HiSeq 2000,33468160,167.03017411175279,167.0,166.0,19.17847350224937,0.17390893314720618,0.8159635008318354,0.5736764136421004,0.21313322589786726
EE88067,Healthy,"Cristiano et al., 2019",HiSeq 2000,46866456,166.55005381674263,167.0,166.0,18.129473562190785,0.16797401962717215,0.8249257635354378,0.5960822384350973,0.20362319502214965
EE88100,Healthy,"Cristiano et al., 2019",HiSeq 2000,36871668,165.04726347069516,166.0,166.0,19.776115261724335,0.20961197090405564,0.7806061825030536,0.5567022354399589,0.26852461023550206
EE88080,Healthy,"Cristiano et al., 2019",HiSeq 2000,42627869,164.36417776361282,165.0,166.0,18.528847796922786,0.20196468183760252,0.7911513709493665,0.5880356815396989,0.25527944367365346
EE88034,Healthy,"Cristiano et al., 2019",HiSeq 2000,34926791,165.80157120647013,167.0,167.0,20.519942771423484,0.20144965507996426,0.787494791605676,0.5482349065506762,0.2558107777058627
EE87989,Healthy,"Cristiano et al., 2019",HiSeq 2000,33143191,166.7338576723044,167.0,166.0,20.10723956146772,0.1864206436851539,0.8012025456450467,0.5562713922144672,0.23267605014293483
EE88069,Healthy,"Cristiano et al., 2019",HiSeq 2000,43241110,171.19734417085962,170.0,167.0,19.409868504395753,0.1229130565797224,0.8606798021604903,0.5708721399612544,0.14280927270650984
EE88025,Healthy,"Cristiano et al., 2019",HiSeq 2000,35740313,166.5956510229779,167.0,166.0,20.83743073095659,0.19385963407763104,0.7920810598385079,0.5435686027707703,0.24474721579273187
EE88030,Healthy,"Cristiano et al., 2019",HiSeq 2000,28390943,168.71113368795113,169.0,167.0,21.051272900751805,0.16912069458207146,0.8144887614335318,0.5358928725967291,0.20764030467948077
EE85741,Colorectal cancer,"Sun et al., 2019",HiSeq 2000,21758069,146.93672453194262,148.0,165.0,28.920810825078842,0.47857891249448653,0.4557870002158739,0.32038555443500066,1.050005621634267
EE88000,Healthy,"Cristiano et al., 2019",HiSeq 2000,41477044,165.85062930231962,167.0,166.0,19.4675930178572,0.19037277584198142,0.8007500245195873,0.570086551973183,0.237743078379793
