"sample_id","study_name","study_condition","age","gender","country","bmi"
"SID31766","FengQ_2015","control",73,"female","AUT",32
"SID31537","FengQ_2015","control",70,"female","AUT",31
"SID31428","FengQ_2015","control",69,"female","AUT",30
"SID530167","FengQ_2015","control",72,"female","AUT",30
"SID530315","FengQ_2015","control",75,"female","AUT",31
"SID530050","FengQ_2015","control",71,"female","AUT",29
"SID31160","FengQ_2015","control",67,"female","AUT",30
"SID530177","FengQ_2015","control",71,"female","AUT",29
"SID31700","FengQ_2015","control",72,"female","AUT",28.7
"SID31714","FengQ_2015","control",69,"female","AUT",28.3
"SID31219","FengQ_2015","control",74,"female","AUT",28.3
"SID31557","FengQ_2015","control",74,"female","AUT",28.5
"SID530154","FengQ_2015","control",74,"female","AUT",28.5
"SID530444","FengQ_2015","control",62,"female","AUT",22.1
"SID31021","FengQ_2015","control",60,"female","AUT",22.1
"SID530074","FengQ_2015","control",68,"female","AUT",22.1
"SID530227","FengQ_2015","control",68,"female","AUT",22.4
"SID530394","FengQ_2015","control",67,"female","AUT",22.58
"SID530295","FengQ_2015","control",70,"female","AUT",22.67
"SID530368","FengQ_2015","control",70,"female","AUT",22.8
"SID31300","FengQ_2015","control",68,"female","AUT",21.7
"SID31452","FengQ_2015","control",66,"female","AUT",21.7
"SID31723","FengQ_2015","control",69,"female","AUT",22.4
"SID531424","FengQ_2015","control",46,"male","AUT",28.74
"SID31009","FengQ_2015","control",68,"male","AUT",32
"SID530251","FengQ_2015","control",72,"male","AUT",31.8
"SID31416","FengQ_2015","control",72,"male","AUT",31.8
"SID530119","FengQ_2015","control",70,"male","AUT",31.6
"SID31749","FengQ_2015","control",70,"male","AUT",31.25
"SID530364","FengQ_2015","control",63,"male","AUT",31.17
"SID31328","FengQ_2015","control",63,"male","AUT",30.9
"SID530163","FengQ_2015","control",63,"male","AUT",30.4
"SID31379","FengQ_2015","control",63,"male","AUT",30.4
"SID31112","FengQ_2015","control",66,"male","AUT",30.3
"SID31750","FengQ_2015","control",66,"male","AUT",34.04
"SID530451","FengQ_2015","control",68,"male","AUT",29.8
"SID31129","FengQ_2015","control",73,"male","AUT",29.7
"SID530052","FengQ_2015","control",64,"male","AUT",29.38
"SID31512","FengQ_2015","control",64,"male","AUT",29.3
"SID31236","FengQ_2015","control",65,"male","AUT",29.06
"SID31360","FengQ_2015","control",71,"male","AUT",29.04
"SID31343","FengQ_2015","control",72,"male","AUT",29.03
"SID530215","FengQ_2015","control",65,"male","AUT",31.22
"SID31519","FengQ_2015","control",65,"male","AUT",28.9
"SID31450","FengQ_2015","control",67,"male","AUT",23.14
"SID531414","FengQ_2015","control",46,"male","AUT",23.15
"SID31071","FengQ_2015","control",68,"male","AUT",23.45
"SID530331","FengQ_2015","control",70,"male","AUT",23.67
"SID530258","FengQ_2015","control",65,"male","AUT",22.03
"SID31333","FengQ_2015","control",68,"male","AUT",22.2
"SID530055","FengQ_2015","control",64,"male","AUT",22.78
"SID31267","FengQ_2015","control",67,"male","AUT",22.79
"SID31711","FengQ_2015","control",66,"male","AUT",30.02
"SID530075","FengQ_2015","control",63,"male","AUT",34.14
"SID31637","FengQ_2015","control",66,"male","AUT",29.98
"SID31398","FengQ_2015","adenoma",68,"female","AUT",34.01
"SID531403","FengQ_2015","adenoma",59,"female","AUT",29.2
"SID530168","FengQ_2015","adenoma",62,"female","AUT",32.8
"SID530185","FengQ_2015","adenoma",52,"female","AUT",32.8
"SID530600","FengQ_2015","adenoma",70,"female","AUT",25.2
"SID31477","FengQ_2015","adenoma",78,"female","AUT",31.24
"SID530403","FengQ_2015","adenoma",75,"female","AUT",30.12
"SID530002","FengQ_2015","adenoma",60,"female","AUT",30
"SID530697","FengQ_2015","adenoma",63,"female","AUT",30.47
"SID31455","FengQ_2015","adenoma",72,"female","AUT",27.43
"SID530756","FengQ_2015","adenoma",70,"female","AUT",29.38
"SID31424","FengQ_2015","adenoma",68,"female","AUT",24.84
"SID31501","FengQ_2015","adenoma",69,"female","AUT",24.4
"SID31256","FengQ_2015","adenoma",69,"female","AUT",24.13
"SID530297","FengQ_2015","adenoma",78,"female","AUT",24
"SID530142","FengQ_2015","adenoma",61,"female","AUT",22.8
"SID530026","FengQ_2015","adenoma",83,"female","AUT",21.94
"SID530558","FengQ_2015","adenoma",56,"female","AUT",22.8
"SID530054","FengQ_2015","adenoma",64,"female","AUT",20.52
"SID530743","FengQ_2015","adenoma",66,"female","AUT",22.65
"SID530867","FengQ_2015","adenoma",58,"male","AUT",27.02
"SID530705","FengQ_2015","adenoma",77,"male","AUT",37.56
"SID31337","FengQ_2015","adenoma",62,"male","AUT",35.43
"SID31030","FengQ_2015","adenoma",70,"male","AUT",34.11
"SID31282","FengQ_2015","adenoma",63,"male","AUT",34.08
"SID530028","FengQ_2015","adenoma",67,"male","AUT",33.23
"SID31449","FengQ_2015","adenoma",63,"male","AUT",30.77
"SID31275","FengQ_2015","adenoma",62,"male","AUT",30.1
"SID530018","FengQ_2015","adenoma",56,"male","AUT",29.41
"SID530262","FengQ_2015","adenoma",64,"male","AUT",29.3
"SID530039","FengQ_2015","adenoma",67,"male","AUT",28.34
"SID530172","FengQ_2015","adenoma",63,"male","AUT",27.4
"SID31137","FengQ_2015","adenoma",67,"male","AUT",27.14
"SID31431","FengQ_2015","adenoma",71,"male","AUT",27.04
"SID31233","FengQ_2015","adenoma",62,"male","AUT",26.88
"SID530398","FengQ_2015","adenoma",80,"male","AUT",26.47
"SID31582","FengQ_2015","adenoma",77,"male","AUT",25.7
"SID530450","FengQ_2015","adenoma",48,"male","AUT",25.61
"SID530623","FengQ_2015","adenoma",62,"male","AUT",24.3
"SID530323","FengQ_2015","adenoma",71,"male","AUT",24.8
"SID530348","FengQ_2015","adenoma",58,"male","AUT",21.7
"SID530041","FengQ_2015","adenoma",69,"male","AUT",21.46
"SID31705","FengQ_2015","adenoma",84,"female","AUT",24.7
"SID530840","FengQ_2015","adenoma",74,"female","AUT",24.13
"SID31446","FengQ_2015","CRC",84,"female","AUT",31.22
"SID31881","FengQ_2015","CRC",60,"female","AUT",30.08
"SID31866","FengQ_2015","CRC",73,"female","AUT",29.75
"SID31874","FengQ_2015","CRC",74,"female","AUT",29.17
"SID31549","FengQ_2015","CRC",84,"female","AUT",27.77
"SID31878","FengQ_2015","CRC",52,"female","AUT",27.14
"SID531281","FengQ_2015","CRC",72,"female","AUT",27.12
"SID31877","FengQ_2015","CRC",72,"female","AUT",26.67
"SID530373","FengQ_2015","CRC",47,"female","AUT",25.78
"SID531155","FengQ_2015","CRC",72,"female","AUT",24.22
"SID31868","FengQ_2015","CRC",64,"female","AUT",24.09
"SID531361","FengQ_2015","CRC",72,"female","AUT",23.83
"SID531775","FengQ_2015","CRC",77,"female","AUT",23.5
"SID31865","FengQ_2015","CRC",55,"female","AUT",23.34
"SID31223","FengQ_2015","CRC",65,"female","AUT",23.31
"SID531469","FengQ_2015","CRC",45,"female","AUT",22.15
"SID31876","FengQ_2015","CRC",56,"female","AUT",20.07
"SID531416","FengQ_2015","CRC",63,"male","AUT",33.56
"SID31872","FengQ_2015","CRC",46,"male","AUT",30.86
"SID31276","FengQ_2015","CRC",82,"male","AUT",30.47
"SID531333","FengQ_2015","CRC",69,"male","AUT",29.94
"SID531382","FengQ_2015","CRC",65,"male","AUT",29.74
"SID530890","FengQ_2015","CRC",77,"male","AUT",29.41
"SID31237","FengQ_2015","CRC",67,"male","AUT",29.4
"SID31004","FengQ_2015","CRC",64,"male","AUT",29.35
"SID531277","FengQ_2015","CRC",64,"male","AUT",29.07
"SID31871","FengQ_2015","CRC",72,"male","AUT",28.41
"SID31188","FengQ_2015","CRC",65,"male","AUT",28.03
"SID31875","FengQ_2015","CRC",58,"male","AUT",27.76
"SID31884","FengQ_2015","CRC",54,"male","AUT",27.34
"SID31285","FengQ_2015","CRC",84,"male","AUT",27.28
"SID31489","FengQ_2015","CRC",60,"male","AUT",26.64
"SID31685","FengQ_2015","CRC",74,"male","AUT",26.37
"SID531248","FengQ_2015","CRC",79,"male","AUT",26.3
"SID31870","FengQ_2015","CRC",63,"male","AUT",25.88
"SID531128","FengQ_2015","CRC",52,"male","AUT",25.73
"SID31873","FengQ_2015","CRC",73,"male","AUT",24.82
"SID31880","FengQ_2015","CRC",74,"male","AUT",24.34
"SID531766","FengQ_2015","CRC",72,"male","AUT",24.34
"SID31883","FengQ_2015","CRC",43,"male","AUT",22.68
"SID531352","FengQ_2015","CRC",66,"male","AUT",22.6
"SID31367","FengQ_2015","CRC",86,"female","AUT",20.5
"SID31493","FengQ_2015","CRC",68,"male","AUT",32.25
"SID31879","FengQ_2015","CRC",71,"male","AUT",29.74
"SID531274","FengQ_2015","CRC",77,"male","AUT",19.16
"SID31159","FengQ_2015","CRC",73,"male","AUT",17.99
"SID532749","FengQ_2015","control",55,"male","AUT",27.76
"SID532779","FengQ_2015","control",70,"male","AUT",28.72
"SID532796","FengQ_2015","control",73,"female","AUT",26.56
"SID532802","FengQ_2015","control",68,"male","AUT",23.53
"SID532826","FengQ_2015","control",78,"male","AUT",31.22
"SID532832","FengQ_2015","adenoma",68,"female","AUT",27.55
"SID532305","FengQ_2015","adenoma",56,"female","AUT",43.58
"SID532915","FengQ_2015","control",43,"female","AUT",22.65
"SID531663","FengQ_2015","adenoma",63,"male","AUT",25.65
"MMRS25211151ST-27-0-0","VogtmannE_2016","control",60,"female","USA",20.466035503
"MMRS14602194ST-27-0-0","VogtmannE_2016","CRC",84,"female","USA",NA
"MMRS67247116ST-27-0-0","VogtmannE_2016","CRC",53,"male","USA",25.3940816327
"MMRS47685461ST-27-0-0","VogtmannE_2016","CRC",67,"male","USA",33.1972222222
"MMRS61683006ST-27-0-0","VogtmannE_2016","control",62,"female","USA",25.8218549128
"MMRS12272136ST-27-0-0","VogtmannE_2016","CRC",51,"male","USA",25.8218549128
"MMRS57569834ST-27-0-0","VogtmannE_2016","control",58,"male","USA",24.5307621671
"MMRS62666492ST-27-0-0","VogtmannE_2016","control",60,"male","USA",33.4283673469
"MMRS85548821ST-27-0-0","VogtmannE_2016","control",71,"male","USA",23.2420408163
"MMRS51410669ST-27-0-0","VogtmannE_2016","CRC",65,"male","USA",21.1416796614
"MMRS51737257ST-27-0-0","VogtmannE_2016","control",63,"male","USA",25.3810751835
"MMRS18295921ST-27-0-0","VogtmannE_2016","CRC",42,"male","USA",22.0341202142
"MMRS81130264ST-27-0-0","VogtmannE_2016","control",64,"male","USA",32.3538980361
"MMRS93621581ST-27-0-0","VogtmannE_2016","control",60,"male","USA",23.1208888889
"MMRS79893829ST-27-0-0","VogtmannE_2016","control",66,"male","USA",28.2067901235
"MMRS88581325ST-27-0-0","VogtmannE_2016","control",73,"female","USA",23.9206049149
"MMRS44203591ST-27-0-0","VogtmannE_2016","CRC",59,"female","USA",20.3691106072
"MMRS81194191ST-27-0-0","VogtmannE_2016","CRC",54,"male","USA",18.5594582185
"MMRS47662059ST-27-0-0","VogtmannE_2016","CRC",74,"male","USA",23.5960648148
"MMRS59699117ST-27-0-0","VogtmannE_2016","CRC",85,"male","USA",22.8049307958
"MMRS64281211ST-27-0-0","VogtmannE_2016","CRC",71,"male","USA",27.8330612245
"MMRS55294627ST-27-0-0","VogtmannE_2016","CRC",43,"male","USA",32.0255555556
"MMRS65205033ST-27-0-0","VogtmannE_2016","CRC",89,"female","USA",22.6717057193
"MMRS39582183ST-27-0-0","VogtmannE_2016","control",39,"male","USA",23.4604552469
"MMRS77321055ST-27-0-0","VogtmannE_2016","CRC",31,"male","USA",19.6418918919
"MMRS44587603ST-27-0-0","VogtmannE_2016","CRC",66,"female","USA",31.4703856749
"MMRS16644320ST-27-0-0","VogtmannE_2016","CRC",53,"male","USA",27.8912914104
"MMRS36405092ST-27-0-0","VogtmannE_2016","control",48,"male","USA",26.3983673469
"MMRS84954772ST-27-0-0","VogtmannE_2016","CRC",56,"male","USA",25.8218549128
"MMRS20257302ST-27-0-0","VogtmannE_2016","control",62,"female","USA",20.6657127992
"MMRS87723283ST-27-0-0","VogtmannE_2016","control",42,"male","USA",27.6123784963
"MMRS95277876ST-27-0-0","VogtmannE_2016","control",48,"male","USA",21.5204081633
"MMRS68910755ST-27-0-0","VogtmannE_2016","CRC",83,"female","USA",16.825182102
"MMRS31306426ST-27-0-0","VogtmannE_2016","CRC",73,"male","USA",25.8218549128
"MMRS99045180ST-27-0-0","VogtmannE_2016","CRC",67,"female","USA",30.0354003906
"MMRS14379078ST-27-0-0","VogtmannE_2016","CRC",53,"male","USA",25.0149219467
"MMRS65945127ST-27-0-0","VogtmannE_2016","CRC",65,"male","USA",32.074985122
"MMRS17963147ST-27-0-0","VogtmannE_2016","control",69,"male","USA",24.06826297
"MMRS94549160ST-27-0-0","VogtmannE_2016","control",76,"male","USA",23.8159183673
"MMRS65742083ST-27-0-0","VogtmannE_2016","control",63,"male","USA",24.777027027
"MMRS85382779ST-27-0-0","VogtmannE_2016","CRC",66,"male","USA",21.5675675676
"MMRS25641480ST-27-0-0","VogtmannE_2016","CRC",54,"female","USA",23.4907551793
"MMRS15137911ST-27-0-0","VogtmannE_2016","CRC",64,"female","USA",35.69921875
"MMRS44197125ST-27-0-0","VogtmannE_2016","CRC",40,"male","USA",17.4320571315
"MMRS24340226ST-27-0-0","VogtmannE_2016","CRC",70,"male","USA",25.0568055246
"MMRS65862658ST-27-0-0","VogtmannE_2016","control",72,"male","USA",23.6252888049
"MMRS21365932ST-27-0-0","VogtmannE_2016","control",56,"male","USA",22.9551020408
"MMRS54246132ST-27-0-0","VogtmannE_2016","control",63,"male","USA",23.9605702829
"MMRS78791111ST-27-0-0","VogtmannE_2016","CRC",65,"male","USA",24.3252595156
"MMRS81135225ST-27-0-0","VogtmannE_2016","control",57,"male","USA",25.1071428571
"MMRS34569532ST-27-0-0","VogtmannE_2016","control",72,"male","USA",23.1497718707
"MMRS85438660ST-27-0-0","VogtmannE_2016","control",68,"male","USA",23.0103154136
"MMRS97307143ST-27-0-0","VogtmannE_2016","control",56,"male","USA",22.7077300067
"MMRS73787048ST-27-0-0","VogtmannE_2016","control",47,"male","USA",24.4048799841
"MMRS84159866ST-27-0-0","VogtmannE_2016","control",67,"female","USA",18.635739645
"MMRS35808664ST-27-0-0","VogtmannE_2016","control",63,"male","USA",31.5810810811
"MMRS11288076ST-27-0-0","VogtmannE_2016","control",65,"male","USA",23.4907551793
"MMRS93508324ST-27-0-0","VogtmannE_2016","CRC",71,"female","USA",NA
"MMRS92544445ST-27-0-0","VogtmannE_2016","CRC",72,"female","USA",27.7981269511
"MMRS51728985ST-27-0-0","VogtmannE_2016","CRC",61,"male","USA",24.4097222222
"MMRS81671217ST-27-0-0","VogtmannE_2016","CRC",57,"male","USA",26.3839369488
"MMRS51307502ST-27-0-0","VogtmannE_2016","control",45,"female","USA",22.6187877047
"MMRS38861560ST-27-0-0","VogtmannE_2016","control",76,"female","USA",22.1487082546
"MMRS41266697ST-27-0-0","VogtmannE_2016","CRC",54,"female","USA",24.0211937716
"MMRS38954404ST-27-0-0","VogtmannE_2016","control",55,"female","USA",23.8048911583
"MMRS72802364ST-27-0-0","VogtmannE_2016","CRC",74,"male","USA",NA
"MMRS86168210ST-27-0-0","VogtmannE_2016","control",79,"male","USA",21.2846020761
"MMRS72980899ST-27-0-0","VogtmannE_2016","CRC",63,"male","USA",21.2547241119
"MMRS77487595ST-27-0-0","VogtmannE_2016","CRC",78,"male","USA",22.5511249722
"MMRS32573774ST-27-0-0","VogtmannE_2016","control",82,"male","USA",20.5244377163
"MMRS97327636ST-27-0-0","VogtmannE_2016","CRC",84,"male","USA",23.4776307498
"MMRS42780924ST-27-0-0","VogtmannE_2016","CRC",65,"male","USA",31.3777028367
"MMRS66868025ST-27-0-0","VogtmannE_2016","control",58,"male","USA",26.775639754
"MMRS80093644ST-27-0-0","VogtmannE_2016","CRC",31,"male","USA",19.5756293161
"MMRS95674036ST-27-0-0","VogtmannE_2016","control",68,"female","USA",38.3711577133
"MMRS57276462ST-27-0-0","VogtmannE_2016","control",67,"male","USA",30.5020661157
"MMRS71762412ST-27-0-0","VogtmannE_2016","CRC",44,"male","USA",23.3648648649
"MMRS91297590ST-27-0-0","VogtmannE_2016","control",36,"male","USA",21.336837929
"MMRS86958796ST-27-0-0","VogtmannE_2016","CRC",55,"female","USA",31.6142011834
"MMRS84085284ST-27-0-0","VogtmannE_2016","control",68,"male","USA",22.1487082546
"MMRS92546335ST-27-0-0","VogtmannE_2016","control",42,"female","USA",27.2055898952
"MMRS62192467ST-27-0-0","VogtmannE_2016","control",70,"female","USA",31.1730717549
"MMRS67096717ST-27-0-0","VogtmannE_2016","control",79,"male","USA",35.1843261719
"MMRS43563715ST-27-0-0","VogtmannE_2016","CRC",71,"male","USA",22.5916824197
"MMRS33294861ST-27-0-0","VogtmannE_2016","control",48,"male","USA",23.0859448302
"MMRS29805707ST-27-0-0","VogtmannE_2016","control",49,"male","USA",33.3783783784
"MMRS68630931ST-27-0-0","VogtmannE_2016","control",59,"male","USA",23.6159634507
"MMRS95479054ST-27-0-0","VogtmannE_2016","control",45,"male","USA",24.36357908
"MMRS64281551ST-27-0-0","VogtmannE_2016","control",63,"female","USA",28.3190917969
"MMRS17603756ST-27-0-0","VogtmannE_2016","control",63,"female","USA",16.825182102
"MMRS40913371ST-27-0-0","VogtmannE_2016","control",76,"female","USA",26.8837148803
"MMRS56137463ST-27-0-0","VogtmannE_2016","control",51,"male","USA",24.8065532451
"MMRS39415781ST-27-0-0","VogtmannE_2016","control",70,"female","USA",28.6191715976
"MMRS41711735ST-27-0-0","VogtmannE_2016","CRC",58,"male","USA",21.107149559
"MMRS54316675ST-27-0-0","VogtmannE_2016","CRC",55,"male","USA",29.6464100346
"MMRS86178473ST-27-0-0","VogtmannE_2016","CRC",65,"male","USA",25.1021622694
"MMRS77018926ST-27-0-0","VogtmannE_2016","CRC",40,"male","USA",23.7344419249
"MMRS62376181ST-27-0-0","VogtmannE_2016","CRC",69,"female","USA",20.798816568
"MMRS34525504ST-27-0-0","VogtmannE_2016","CRC",71,"male","USA",24.7435954556
"MMRS96422329ST-27-0-0","VogtmannE_2016","CRC",66,"male","USA",22.3130331283
"MMRS43939546ST-27-0-0","VogtmannE_2016","CRC",63,"female","USA",25.6827916352
"MMRS90191266ST-27-0-0","VogtmannE_2016","CRC",37,"male","USA",22.5008650519
"MMRS11932626ST-27-0-0","VogtmannE_2016","control",65,"male","USA",29.5647688951
"MMRS97052561ST-27-0-0","VogtmannE_2016","CRC",69,"female","USA",27.7597143457
"SZAXPI017595-169","YuJ_2015","CRC",NA,NA,"CHN",NA
"SZAXPI017594-166","YuJ_2015","CRC",NA,NA,"CHN",NA
"SZAXPI017593-158","YuJ_2015","CRC",NA,NA,"CHN",NA
"SZAXPI017592-142","YuJ_2015","control",NA,NA,"CHN",NA
"SZAXPI017591-140","YuJ_2015","control",NA,NA,"CHN",NA
"SZAXPI017590-136","YuJ_2015","CRC",NA,NA,"CHN",NA
"SZAXPI017589-133","YuJ_2015","CRC",NA,NA,"CHN",NA
"SZAXPI017588-123","YuJ_2015","CRC",NA,NA,"CHN",NA
"SZAXPI017587-113","YuJ_2015","CRC",NA,NA,"CHN",NA
"SZAXPI017586-111","YuJ_2015","CRC",NA,NA,"CHN",NA
"SZAXPI017585-109","YuJ_2015","CRC",NA,NA,"CHN",NA
"SZAXPI017584-108","YuJ_2015","CRC",NA,NA,"CHN",NA
"SZAXPI017583-102","YuJ_2015","CRC",NA,NA,"CHN",NA
"SZAXPI017582-94","YuJ_2015","CRC",NA,NA,"CHN",NA
"SZAXPI017581-93","YuJ_2015","CRC",NA,NA,"CHN",NA
"SZAXPI017580-90","YuJ_2015","CRC",NA,NA,"CHN",NA
"SZAXPI017468-88","YuJ_2015","CRC",NA,NA,"CHN",NA
"SZAXPI017467-87","YuJ_2015","CRC",NA,NA,"CHN",NA
"SZAXPI017466-84","YuJ_2015","CRC",NA,NA,"CHN",NA
"SZAXPI017465-43","YuJ_2015","CRC",NA,NA,"CHN",NA
"SZAXPI017464-37","YuJ_2015","CRC",NA,NA,"CHN",NA
"SZAXPI017463-36","YuJ_2015","CRC",NA,NA,"CHN",NA
"SZAXPI017462-33","YuJ_2015","CRC",NA,NA,"CHN",NA
"SZAXPI017461-32","YuJ_2015","CRC",NA,NA,"CHN",NA
"SZAXPI017460-27","YuJ_2015","CRC",NA,NA,"CHN",NA
"SZAXPI017459-26","YuJ_2015","CRC",NA,NA,"CHN",NA
"SZAXPI017458-25","YuJ_2015","CRC",NA,NA,"CHN",NA
"SZAXPI017457-24","YuJ_2015","CRC",NA,NA,"CHN",NA
"SZAXPI017456-23","YuJ_2015","CRC",NA,NA,"CHN",NA
"SZAXPI017455-21","YuJ_2015","CRC",NA,NA,"CHN",NA
"SZAXPI017454-20","YuJ_2015","CRC",NA,NA,"CHN",NA
"SZAXPI017453-19","YuJ_2015","CRC",NA,NA,"CHN",NA
"SZAXPI017452-17","YuJ_2015","CRC",NA,NA,"CHN",NA
"SZAXPI017451-16","YuJ_2015","CRC",NA,NA,"CHN",NA
"SZAXPI015274-111","YuJ_2015","control",NA,NA,"CHN",NA
"SZAXPI015273-95","YuJ_2015","control",NA,NA,"CHN",NA
"SZAXPI015272-108","YuJ_2015","control",NA,NA,"CHN",NA
"SZAXPI015271-93","YuJ_2015","control",NA,NA,"CHN",NA
"SZAXPI015270-90","YuJ_2015","control",NA,NA,"CHN",NA
"SZAXPI015269-94","YuJ_2015","control",NA,NA,"CHN",NA
"SZAXPI015268-109","YuJ_2015","control",NA,NA,"CHN",NA
"SZAXPI015267-102","YuJ_2015","control",NA,NA,"CHN",NA
"SZAXPI015266-89","YuJ_2015","control",NA,NA,"CHN",NA
"SZAXPI015265-88","YuJ_2015","control",NA,NA,"CHN",NA
"SZAXPI015264-87","YuJ_2015","control",NA,NA,"CHN",NA
"SZAXPI015263-84","YuJ_2015","control",NA,NA,"CHN",NA
"SZAXPI015262-79","YuJ_2015","control",NA,NA,"CHN",NA
"SZAXPI015261-75","YuJ_2015","control",NA,NA,"CHN",NA
"SZAXPI015260-74","YuJ_2015","control",NA,NA,"CHN",NA
"SZAXPI015259-62","YuJ_2015","control",NA,NA,"CHN",NA
"SZAXPI015258-57","YuJ_2015","control",NA,NA,"CHN",NA
"SZAXPI015257-56","YuJ_2015","control",NA,NA,"CHN",NA
"SZAXPI015256-47","YuJ_2015","control",NA,NA,"CHN",NA
"SZAXPI015255-46","YuJ_2015","control",NA,NA,"CHN",NA
"SZAXPI015254-45","YuJ_2015","control",NA,NA,"CHN",NA
"SZAXPI015253-44","YuJ_2015","control",NA,NA,"CHN",NA
"SZAXPI015252-43","YuJ_2015","control",NA,NA,"CHN",NA
"SZAXPI015251-41","YuJ_2015","control",NA,NA,"CHN",NA
"SZAXPI015250-39","YuJ_2015","control",NA,NA,"CHN",NA
"SZAXPI015249-37","YuJ_2015","control",NA,NA,"CHN",NA
"SZAXPI015248-36","YuJ_2015","control",NA,NA,"CHN",NA
"SZAXPI015247-35","YuJ_2015","control",NA,NA,"CHN",NA
"SZAXPI015246-34","YuJ_2015","control",NA,NA,"CHN",NA
"SZAXPI015245-33","YuJ_2015","control",NA,NA,"CHN",NA
"SZAXPI015244-32","YuJ_2015","control",NA,NA,"CHN",NA
"SZAXPI015243-31","YuJ_2015","control",NA,NA,"CHN",NA
"SZAXPI015242-30","YuJ_2015","control",NA,NA,"CHN",NA
"SZAXPI015241-27","YuJ_2015","control",NA,NA,"CHN",NA
"SZAXPI015240-26","YuJ_2015","control",NA,NA,"CHN",NA
"SZAXPI015239-25","YuJ_2015","control",NA,NA,"CHN",NA
"SZAXPI015238-24","YuJ_2015","control",NA,NA,"CHN",NA
"SZAXPI015237-23","YuJ_2015","CRC",NA,NA,"CHN",NA
"SZAXPI015235-21","YuJ_2015","control",NA,NA,"CHN",NA
"SZAXPI015234-20","YuJ_2015","control",NA,NA,"CHN",NA
"SZAXPI015233-19","YuJ_2015","control",NA,NA,"CHN",NA
"SZAXPI015232-18","YuJ_2015","control",NA,NA,"CHN",NA
"SZAXPI015231-17","YuJ_2015","control",NA,NA,"CHN",NA
"SZAXPI015230-16","YuJ_2015","control",NA,NA,"CHN",NA
"SZAXPI015229-15","YuJ_2015","control",NA,NA,"CHN",NA
"SZAXPI015228-14","YuJ_2015","control",NA,NA,"CHN",NA
"SZAXPI015227-13","YuJ_2015","control",NA,NA,"CHN",NA
"SZAXPI015226-14","YuJ_2015","CRC",NA,NA,"CHN",NA
"SZAXPI015225-18","YuJ_2015","CRC",NA,NA,"CHN",NA
"SZAXPI015224-13","YuJ_2015","CRC",NA,NA,"CHN",NA
"SZAXPI015223-158","YuJ_2015","CRC",NA,NA,"CHN",NA
"SZAXPI015222-123","YuJ_2015","CRC",NA,NA,"CHN",NA
"SZAXPI015221-142","YuJ_2015","CRC",NA,NA,"CHN",NA
"SZAXPI015220-136","YuJ_2015","CRC",NA,NA,"CHN",NA
"SZAXPI015219-129","YuJ_2015","CRC",NA,NA,"CHN",NA
"SZAXPI015218-16","YuJ_2015","CRC",NA,NA,"CHN",NA
"SZAXPI015217-140","YuJ_2015","CRC",NA,NA,"CHN",NA
"SZAXPI015216-169","YuJ_2015","CRC",NA,NA,"CHN",NA
"SZAXPI015215-20","YuJ_2015","CRC",NA,NA,"CHN",NA
"SZAXPI015214-19","YuJ_2015","CRC",NA,NA,"CHN",NA
"SZAXPI015213-15","YuJ_2015","CRC",NA,NA,"CHN",NA
"SZAXPI015212-113","YuJ_2015","control",NA,NA,"CHN",NA
"SZAXPI015211-166","YuJ_2015","CRC",NA,NA,"CHN",NA
"SZAXPI015210-17","YuJ_2015","CRC",NA,NA,"CHN",NA
"SZAXPI015209-133","YuJ_2015","CRC",NA,NA,"CHN",NA
"SZAXPI003437-3","YuJ_2015","CRC",NA,NA,"CHN",NA
"SZAXPI003436-7","YuJ_2015","CRC",NA,NA,"CHN",NA
"SZAXPI003435-11","YuJ_2015","CRC",NA,NA,"CHN",NA
"SZAXPI003434-7","YuJ_2015","CRC",NA,NA,"CHN",NA
"SZAXPI003433-7","YuJ_2015","control",NA,NA,"CHN",NA
"SZAXPI003432-12","YuJ_2015","CRC",NA,NA,"CHN",NA
"SZAXPI003431-1","YuJ_2015","CRC",NA,NA,"CHN",NA
"SZAXPI003430-5","YuJ_2015","CRC",NA,NA,"CHN",NA
"SZAXPI003429-3","YuJ_2015","control",NA,NA,"CHN",NA
"SZAXPI003428-6","YuJ_2015","CRC",NA,NA,"CHN",NA
"SZAXPI003427-1","YuJ_2015","CRC",NA,NA,"CHN",NA
"SZAXPI003426-11","YuJ_2015","CRC",NA,NA,"CHN",NA
"SZAXPI003425-1","YuJ_2015","CRC",NA,NA,"CHN",NA
"SZAXPI003424-12","YuJ_2015","CRC",NA,NA,"CHN",NA
"SZAXPI003423-8","YuJ_2015","CRC",NA,NA,"CHN",NA
"SZAXPI003422-11","YuJ_2015","CRC",NA,NA,"CHN",NA
"SZAXPI003421-5","YuJ_2015","CRC",NA,NA,"CHN",NA
"SZAXPI003420-4","YuJ_2015","CRC",NA,NA,"CHN",NA
"SZAXPI003419-6","YuJ_2015","control",NA,NA,"CHN",NA
"SZAXPI003418-8","YuJ_2015","CRC",NA,NA,"CHN",NA
"SZAXPI003417-4","YuJ_2015","control",NA,NA,"CHN",NA
"SZAXPI003416-4","YuJ_2015","CRC",NA,NA,"CHN",NA
"SZAXPI003415-12","YuJ_2015","CRC",NA,NA,"CHN",NA
"SZAXPI003414-3","YuJ_2015","CRC",NA,NA,"CHN",NA
"SZAXPI003413-4","YuJ_2015","CRC",NA,NA,"CHN",NA
"SZAXPI003412-1","YuJ_2015","CRC",NA,NA,"CHN",NA
"SZAXPI003411-6","YuJ_2015","CRC",NA,NA,"CHN",NA
"SZAXPI003410-3","YuJ_2015","CRC",NA,NA,"CHN",NA
"SZAXPI003409-8","YuJ_2015","CRC",NA,NA,"CHN",NA
"MG100208","HanniganGD_2017","adenoma",NA,NA,"CAN",NA
"MG100207","HanniganGD_2017","adenoma",NA,NA,"CAN",NA
"MG100206","HanniganGD_2017","adenoma",NA,NA,"CAN",NA
"MG100205","HanniganGD_2017","adenoma",NA,NA,"CAN",NA
"MG100204","HanniganGD_2017","adenoma",NA,NA,"CAN",NA
"MG100203","HanniganGD_2017","adenoma",NA,NA,"CAN",NA
"MG100202","HanniganGD_2017","adenoma",NA,NA,"CAN",NA
"MG100201","HanniganGD_2017","adenoma",NA,NA,"CAN",NA
"MG100200","HanniganGD_2017","adenoma",NA,NA,"CAN",NA
"MG100199","HanniganGD_2017","adenoma",NA,NA,"USA",NA
"MG100198","HanniganGD_2017","adenoma",NA,NA,"CAN",NA
"MG100197","HanniganGD_2017","adenoma",NA,NA,"CAN",NA
"MG100196","HanniganGD_2017","adenoma",NA,NA,"CAN",NA
"MG100195","HanniganGD_2017","adenoma",NA,NA,"CAN",NA
"MG100194","HanniganGD_2017","adenoma",NA,NA,"CAN",NA
"MG100193","HanniganGD_2017","adenoma",NA,NA,"CAN",NA
"MG100192","HanniganGD_2017","adenoma",NA,NA,"CAN",NA
"MG100191","HanniganGD_2017","adenoma",NA,NA,"CAN",NA
"MG100190","HanniganGD_2017","adenoma",NA,NA,"CAN",NA
"MG100189","HanniganGD_2017","adenoma",NA,NA,"CAN",NA
"MG100188","HanniganGD_2017","adenoma",NA,NA,"CAN",NA
"MG100187","HanniganGD_2017","adenoma",NA,NA,"CAN",NA
"MG100186","HanniganGD_2017","adenoma",NA,NA,"USA",NA
"MG100185","HanniganGD_2017","adenoma",NA,NA,"CAN",NA
"MG100184","HanniganGD_2017","adenoma",NA,NA,"USA",NA
"MG100182","HanniganGD_2017","adenoma",NA,NA,"USA",NA
"MG100181","HanniganGD_2017","adenoma",NA,NA,"CAN",NA
"MG100180","HanniganGD_2017","control",NA,NA,"USA",NA
"MG100179","HanniganGD_2017","control",NA,NA,"USA",NA
"MG100178","HanniganGD_2017","control",NA,NA,"USA",NA
"MG100177","HanniganGD_2017","control",NA,NA,"USA",NA
"MG100176","HanniganGD_2017","control",NA,NA,"USA",NA
"MG100175","HanniganGD_2017","control",NA,NA,"USA",NA
"MG100174","HanniganGD_2017","control",NA,NA,"USA",NA
"MG100173","HanniganGD_2017","control",NA,NA,"USA",NA
"MG100172","HanniganGD_2017","control",NA,NA,"USA",NA
"MG100171","HanniganGD_2017","control",NA,NA,"USA",NA
"MG100170","HanniganGD_2017","control",NA,NA,"USA",NA
"MG100169","HanniganGD_2017","control",NA,NA,"USA",NA
"MG100168","HanniganGD_2017","control",NA,NA,"USA",NA
"MG100167","HanniganGD_2017","control",NA,NA,"USA",NA
"MG100166","HanniganGD_2017","control",NA,NA,"USA",NA
"MG100165","HanniganGD_2017","control",NA,NA,"USA",NA
"MG100164","HanniganGD_2017","control",NA,NA,"USA",NA
"MG100163","HanniganGD_2017","control",NA,NA,"USA",NA
"MG100162","HanniganGD_2017","control",NA,NA,"USA",NA
"MG100161","HanniganGD_2017","control",NA,NA,"USA",NA
"MG100160","HanniganGD_2017","control",NA,NA,"CAN",NA
"MG100159","HanniganGD_2017","control",NA,NA,"USA",NA
"MG100158","HanniganGD_2017","control",NA,NA,"USA",NA
"MG100157","HanniganGD_2017","control",NA,NA,"USA",NA
"MG100156","HanniganGD_2017","control",NA,NA,"USA",NA
"MG100155","HanniganGD_2017","control",NA,NA,"USA",NA
"MG100154","HanniganGD_2017","control",NA,NA,"CAN",NA
"MG100153","HanniganGD_2017","control",NA,NA,"CAN",NA
"MG100152","HanniganGD_2017","CRC",NA,NA,"CAN",NA
"MG100151","HanniganGD_2017","CRC",NA,NA,"USA",NA
"MG100150","HanniganGD_2017","CRC",NA,NA,"CAN",NA
"MG100149","HanniganGD_2017","CRC",NA,NA,"USA",NA
"MG100148","HanniganGD_2017","CRC",NA,NA,"USA",NA
"MG100147","HanniganGD_2017","CRC",NA,NA,"USA",NA
"MG100146","HanniganGD_2017","CRC",NA,NA,"USA",NA
"MG100145","HanniganGD_2017","CRC",NA,NA,"USA",NA
"MG100144","HanniganGD_2017","CRC",NA,NA,"USA",NA
"MG100143","HanniganGD_2017","CRC",NA,NA,"USA",NA
"MG100142","HanniganGD_2017","CRC",NA,NA,"USA",NA
"MG100141","HanniganGD_2017","CRC",NA,NA,"USA",NA
"MG100140","HanniganGD_2017","CRC",NA,NA,"USA",NA
"MG100139","HanniganGD_2017","CRC",NA,NA,"USA",NA
"MG100138","HanniganGD_2017","CRC",NA,NA,"USA",NA
"MG100137","HanniganGD_2017","CRC",NA,NA,"USA",NA
"MG100136","HanniganGD_2017","CRC",NA,NA,"USA",NA
"MG100134","HanniganGD_2017","CRC",NA,NA,"USA",NA
"MG100133","HanniganGD_2017","CRC",NA,NA,"USA",NA
"MG100132","HanniganGD_2017","CRC",NA,NA,"USA",NA
"MG100131","HanniganGD_2017","CRC",NA,NA,"USA",NA
"MG100130","HanniganGD_2017","CRC",NA,NA,"USA",NA
"MG100129","HanniganGD_2017","CRC",NA,NA,"USA",NA
"MG100128","HanniganGD_2017","CRC",NA,NA,"USA",NA
"MG100127","HanniganGD_2017","CRC",NA,NA,"USA",NA
"MG100126","HanniganGD_2017","CRC",NA,NA,"USA",NA
"MG100125","HanniganGD_2017","CRC",NA,NA,"USA",NA
"LILT_GF06_16","ThomasAM_2018a","control",77,"female","ITA",25
"LILT_GF12_16","ThomasAM_2018a","adenoma",68,"female","ITA",30
"LILT_GF15_16","ThomasAM_2018a","CRC",75,"male","ITA",NA
"LILT_GF16_T017","ThomasAM_2018a","adenoma",77,"female","ITA",20
"LILT_GF17_16","ThomasAM_2018a","adenoma",62,"female","ITA",29
"LILT_GF18_T016","ThomasAM_2018a","adenoma",55,"male","ITA",19
"LILT_VF00TL_16","ThomasAM_2018a","control",71,"male","ITA",25
"LILT_VF02_T016","ThomasAM_2018a","adenoma",73,"female","ITA",31
"LILT_VF04_16","ThomasAM_2018a","adenoma",70,"female","ITA",21
"LILT_VF06_16","ThomasAM_2018a","control",70,"female","ITA",20
"LILT_VF07_16","ThomasAM_2018a","adenoma",64,"female","ITA",25
"LILT_VF100_T016","ThomasAM_2018a","CRC",64,"male","ITA",30
"LILT_VF102_T017","ThomasAM_2018a","adenoma",50,"male","ITA",26
"LILT_VF107_16","ThomasAM_2018a","CRC",78,"male","ITA",30
"LILT_VF114_T017","ThomasAM_2018a","CRC",77,"male","ITA",23
"LILT_VF120_16","ThomasAM_2018a","CRC",63,"male","ITA",37
"LILT_VF145_T017","ThomasAM_2018a","CRC",67,"male","ITA",35
"LILT_VF154_T017","ThomasAM_2018a","CRC",77,"male","ITA",22
"LILT_VF166_T017","ThomasAM_2018a","CRC",83,"female","ITA",19
"LILT_VF174_T017","ThomasAM_2018a","CRC",66,"male","ITA",24
"LILT_VF176_T017","ThomasAM_2018a","CRC",64,"male","ITA",23
"LILT_VF192_T017","ThomasAM_2018a","CRC",78,"male","ITA",26
"LILT_VF197_T017","ThomasAM_2018a","adenoma",77,"male","ITA",36
"LILT_VF29_16","ThomasAM_2018a","CRC",74,"male","ITA",25
"LILT_VF30_16","ThomasAM_2018a","adenoma",53,"female","ITA",21
"LILT_VF31_16","ThomasAM_2018a","control",59,"male","ITA",26
"LILT_VF32_T016","ThomasAM_2018a","adenoma",56,"female","ITA",30
"LILT_VF35_16","ThomasAM_2018a","adenoma",59,"male","ITA",22
"LILT_VF37_16","ThomasAM_2018a","adenoma",57,"male","ITA",29
"LILT_VF38_16","ThomasAM_2018a","adenoma",79,"male","ITA",22
"LILT_VF40_16","ThomasAM_2018a","control",68,"female","ITA",22
"LILT_VF43_16","ThomasAM_2018a","control",60,"male","ITA",22
"LILT_VF47_16","ThomasAM_2018a","adenoma",53,"female","ITA",23
"LILT_VF50_16","ThomasAM_2018a","adenoma",58,"male","ITA",23
"LILT_VF55_T017","ThomasAM_2018a","adenoma",77,"male","ITA",24
"LILT_VF56_16","ThomasAM_2018a","adenoma",58,"male","ITA",26
"LILT_VF60_T016","ThomasAM_2018a","adenoma",63,"female","ITA",21
"LILT_VF65_16","ThomasAM_2018a","CRC",69,"female","ITA",29
"LILT_VF66_T017","ThomasAM_2018a","adenoma",58,"female","ITA",25
"LILT_VF69_16","ThomasAM_2018a","adenoma",49,"male","ITA",21
"LILT_VF70_16","ThomasAM_2018a","adenoma",61,"male","ITA",29
"LILT_VF71_16","ThomasAM_2018a","CRC",67,"female","ITA",21
"LILT_VF73_16","ThomasAM_2018a","CRC",58,"male","ITA",25
"LILT_VF77_16","ThomasAM_2018a","CRC",70,"male","ITA",24
"LILT_VF84_16","ThomasAM_2018a","control",58,"male","ITA",24
"LILT_VF90_16","ThomasAM_2018a","adenoma",57,"male","ITA",29
"LILT_VF95_16","ThomasAM_2018a","CRC",71,"female","ITA",30
"LILT_VF97_16","ThomasAM_2018a","adenoma",70,"male","ITA",28
"LILT_VF270_T017","ThomasAM_2018a","CRC",60,"male","ITA",22
"LILT_VF207_T017","ThomasAM_2018a","CRC",63,"male","ITA",25
"LILT_VF234_T017","ThomasAM_2018a","CRC",61,"male","ITA",23
"LILT_VF217_T017","ThomasAM_2018a","CRC",82,"male","ITA",28
"LILT_VF273_T017","ThomasAM_2018a","CRC",83,"female","ITA",24
"LILT_VF208_T017","ThomasAM_2018a","CRC",74,"male","ITA",23
"LILT_VF281_T017","ThomasAM_2018a","CRC",76,"male","ITA",26
"LILT_VF172_T017","ThomasAM_2018a","adenoma",67,"male","ITA",26
"LILT_VF216_T017","ThomasAM_2018a","CRC",84,"male","ITA",22
"LILT_VF232_T017","ThomasAM_2018a","CRC",69,"male","ITA",27
"LILT_VF264_T017","ThomasAM_2018a","CRC",78,"male","ITA",24
"LILT_VF251_T017","ThomasAM_2018a","CRC",84,"female","ITA",23
"LILT_VF259_T016","ThomasAM_2018a","control",71,"male","ITA",24
"LILT_VF255_T016","ThomasAM_2018a","control",69,"male","ITA",30
"LILT_VF170_T016","ThomasAM_2018a","control",70,"female","ITA",25
"LILT_VF206_T016","ThomasAM_2018a","control",80,"male","ITA",24
"LILT_VF212_T016","ThomasAM_2018a","control",80,"female","ITA",32
"LILT_VF214_T016","ThomasAM_2018a","adenoma",60,"male","ITA",24
"LILT_VF261_T016","ThomasAM_2018a","control",69,"male","ITA",24
"LILT_VF262_T016","ThomasAM_2018a","control",64,"male","ITA",27
"LILT_VF263_T016","ThomasAM_2018a","control",81,"female","ITA",28
"LILT_VF265_T016","ThomasAM_2018a","control",64,"male","ITA",25
"LILT_VF279_T016","ThomasAM_2018a","control",61,"male","ITA",22
"LILT_VF300_T016","ThomasAM_2018a","CRC",57,"male","ITA",30
"LILT_VF301_T016","ThomasAM_2018a","adenoma",67,"male","ITA",NA
"LILT_VF10_T016","ThomasAM_2018a","control",60,"female","ITA",20
"LILT_VF140_T016","ThomasAM_2018a","control",67,"female","ITA",24
"LILT_VF171_T016","ThomasAM_2018a","control",77,"female","ITA",NA
"LILT_VF18_T016","ThomasAM_2018a","control",64,"male","ITA",26
"LILT_VF189_T016","ThomasAM_2018a","control",66,"male","ITA",34
"LILT_VF28_T016","ThomasAM_2018a","control",63,"female","ITA",28
"LILT_VF82_T016","ThomasAM_2018a","control",61,"female","ITA",NA
"CRC_MR_SBJ57H_17","ThomasAM_2018b","control",NA,NA,"ITA",NA
"CRC_MR_SBJ52C_17","ThomasAM_2018b","CRC",NA,NA,"ITA",NA
"CRC_MR_SBJ50C_17","ThomasAM_2018b","CRC",NA,NA,"ITA",NA
"CRC_MR_SBJ16H_17","ThomasAM_2018b","control",NA,NA,"ITA",NA
"CRC_MR_SBJ31C_17","ThomasAM_2018b","CRC",NA,NA,"ITA",NA
"CRC_MR_SBJ24H_17","ThomasAM_2018b","control",NA,NA,"ITA",NA
"CRC_MR_SBJ75H_17","ThomasAM_2018b","control",NA,NA,"ITA",NA
"CRC_MR_SBJ37H_17","ThomasAM_2018b","control",NA,NA,"ITA",NA
"CRC_MR_SBJ12C_17","ThomasAM_2018b","CRC",NA,NA,"ITA",NA
"CRC_MR_SBJ34H_17","ThomasAM_2018b","control",NA,NA,"ITA",NA
"CRC_MR_SBJ61C_17","ThomasAM_2018b","CRC",NA,NA,"ITA",NA
"CRC_MR_SBJ53C_17","ThomasAM_2018b","CRC",NA,NA,"ITA",NA
"CRC_MR_SBJ78H_17","ThomasAM_2018b","control",NA,NA,"ITA",NA
"CRC_MR_SBJ83H_17","ThomasAM_2018b","control",NA,NA,"ITA",NA
"CRC_MR_SBJ33C_17","ThomasAM_2018b","CRC",NA,NA,"ITA",NA
"CRC_MR_SBJ39C_17","ThomasAM_2018b","CRC",NA,NA,"ITA",NA
"CRC_MR_SBJ04C_17","ThomasAM_2018b","CRC",NA,NA,"ITA",NA
"CRC_MR_SBJ63H_17","ThomasAM_2018b","control",NA,NA,"ITA",NA
"CRC_MR_SBJ10C_17","ThomasAM_2018b","CRC",NA,NA,"ITA",NA
"CRC_MR_SBJ77H_17","ThomasAM_2018b","control",NA,NA,"ITA",NA
"CRC_MR_SBJ29C_17","ThomasAM_2018b","CRC",NA,NA,"ITA",NA
"CRC_MR_SBJ40C_17","ThomasAM_2018b","CRC",NA,NA,"ITA",NA
"CRC_MR_SBJ49C_17","ThomasAM_2018b","CRC",NA,NA,"ITA",NA
"CRC_MR_SBJ69H_17","ThomasAM_2018b","control",NA,NA,"ITA",NA
"CRC_MR_SBJ11C_17","ThomasAM_2018b","CRC",NA,NA,"ITA",NA
"CRC_MR_SBJ02C_17","ThomasAM_2018b","CRC",NA,NA,"ITA",NA
"CRC_MR_SBJ01C_17","ThomasAM_2018b","CRC",NA,NA,"ITA",NA
"CRC_MR_SBJ73H_17","ThomasAM_2018b","control",NA,NA,"ITA",NA
"CRC_MR_SBJ81H_17","ThomasAM_2018b","control",NA,NA,"ITA",NA
"CRC_MR_SBJ22C_17","ThomasAM_2018b","CRC",NA,NA,"ITA",NA
"CRC_MR_SBJ68H_17","ThomasAM_2018b","control",NA,NA,"ITA",NA
"CRC_MR_SBJ35C_17","ThomasAM_2018b","CRC",NA,NA,"ITA",NA
"CRC_MR_SBJ60H_17","ThomasAM_2018b","control",NA,NA,"ITA",NA
"CRC_MR_SBJ67H_17","ThomasAM_2018b","control",NA,NA,"ITA",NA
"CRC_MR_SBJ20C_17","ThomasAM_2018b","CRC",NA,NA,"ITA",NA
"CRC_MR_SBJ17H_17","ThomasAM_2018b","control",NA,NA,"ITA",NA
"CRC_MR_SBJ26C_17","ThomasAM_2018b","CRC",NA,NA,"ITA",NA
"CRC_MR_SBJ64C_17","ThomasAM_2018b","CRC",NA,NA,"ITA",NA
"CRC_MR_SBJ07C_17","ThomasAM_2018b","CRC",NA,NA,"ITA",NA
"CRC_MR_SBJ51C_17","ThomasAM_2018b","CRC",NA,NA,"ITA",NA
"CRC_MR_SBJ55C_17","ThomasAM_2018b","CRC",NA,NA,"ITA",NA
"CRC_MR_SBJ42C_17","ThomasAM_2018b","CRC",NA,NA,"ITA",NA
"CRC_MR_SBJ80H_17","ThomasAM_2018b","control",NA,NA,"ITA",NA
"CRC_MR_SBJ21H_17","ThomasAM_2018b","control",NA,NA,"ITA",NA
"CRC_MR_SBJ18H_17","ThomasAM_2018b","control",NA,NA,"ITA",NA
"CRC_MR_SBJ47C_17","ThomasAM_2018b","CRC",NA,NA,"ITA",NA
"CRC_MR_SBJ06C_17","ThomasAM_2018b","CRC",NA,NA,"ITA",NA
"CRC_MR_SBJ05C_17","ThomasAM_2018b","CRC",NA,NA,"ITA",NA
"CRC_MR_SBJ36C_17","ThomasAM_2018b","CRC",NA,NA,"ITA",NA
"CRC_MR_SBJ84H_17","ThomasAM_2018b","control",NA,NA,"ITA",NA
"CRC_MR_SBJ65H_17","ThomasAM_2018b","control",NA,NA,"ITA",NA
"CRC_MR_SBJ27C_17","ThomasAM_2018b","CRC",NA,NA,"ITA",NA
"CRC_MR_SBJ82H_17","ThomasAM_2018b","control",NA,NA,"ITA",NA
"CRC_MR_SBJ45H_17","ThomasAM_2018b","control",NA,NA,"ITA",NA
"CRC_MR_SBJ03H_17","ThomasAM_2018b","control",NA,NA,"ITA",NA
"CRC_MR_SBJ25C_17","ThomasAM_2018b","CRC",NA,NA,"ITA",NA
"CRC_MR_SBJ74H_17","ThomasAM_2018b","control",NA,NA,"ITA",NA
"CRC_MR_SBJ79H_17","ThomasAM_2018b","control",NA,NA,"ITA",NA
"CRC_MR_SBJ32C_17","ThomasAM_2018b","CRC",NA,NA,"ITA",NA
"CRC_MR_SBJ46H_17","ThomasAM_2018b","control",NA,NA,"ITA",NA
"CCIS00146684ST-4-0","ZellerG_2014","control",72,"female","france",25
"CCIS00281083ST-3-0","ZellerG_2014","control",53,"male","france",32
"CCIS02124300ST-4-0","ZellerG_2014","control",35,"male","france",23
"CCIS02379307ST-4-0","ZellerG_2014","CRC",67,"male","france",28
"CCIS02856720ST-4-0","ZellerG_2014","control",74,"male","france",27
"CCIS03473770ST-4-0","ZellerG_2014","control",29,"male","france",24
"CCIS03857607ST-4-0","ZellerG_2014","control",61,"male","france",23
"CCIS05314658ST-4-0","ZellerG_2014","control",65,"female","france",24
"CCIS06260551ST-3-0","ZellerG_2014","CRC",58,"male","france",24
"CCIS07277498ST-4-0","ZellerG_2014","control",63,"male","france",NA
"CCIS07539127ST-4-0","ZellerG_2014","control",77,"female","france",22
"CCIS07648107ST-4-0","ZellerG_2014","control",62,"female","france",21
"CCIS08668806ST-3-0","ZellerG_2014","control",63,"male","france",26
"CCIS09568613ST-4-0","ZellerG_2014","control",67,"male","france",21
"CCIS10706551ST-3-0","ZellerG_2014","control",25,"male","france",24
"CCIS10793554ST-4-0","ZellerG_2014","control",64,"male","france",26
"CCIS11015875ST-4-0","ZellerG_2014","CRC",62,"male","france",26
"CCIS11354283ST-4-0","ZellerG_2014","control",67,"male","france",27
"CCIS11362406ST-4-0","ZellerG_2014","control",44,"female","france",26
"CCIS11558985ST-4-0","ZellerG_2014","control",56,"female","france",NA
"CCIS12370844ST-4-0","ZellerG_2014","CRC",81,"female","france",39
"CCIS12656533ST-4-0","ZellerG_2014","CRC",51,"male","france",30
"CCIS13047523ST-4-0","ZellerG_2014","control",70,"male","france",22
"CCIS14449628ST-4-0","ZellerG_2014","CRC",59,"female","france",20
"CCIS15704761ST-4-0","ZellerG_2014","CRC",56,"female","france",NA
"CCIS15794887ST-4-0","ZellerG_2014","control",37,"female","france",18
"CCIS16326685ST-4-0","ZellerG_2014","control",46,"female","france",29
"CCIS16383318ST-4-0","ZellerG_2014","control",61,"female","france",24
"CCIS16561622ST-4-0","ZellerG_2014","control",54,"male","france",26
"CCIS17669415ST-4-0","ZellerG_2014","CRC",72,"female","france",37
"CCIS20795251ST-4-0","ZellerG_2014","control",71,"female","france",23
"CCIS21126322ST-4-0","ZellerG_2014","control",59,"male","france",25
"CCIS21278152ST-4-0","ZellerG_2014","CRC",63,"male","france",25
"CCIS22416007ST-4-0","ZellerG_2014","CRC",82,"male","france",24
"CCIS22906510ST-20-0","ZellerG_2014","control",77,"male","france",23
"CCIS22958137ST-20-0","ZellerG_2014","CRC",60,"male","france",26
"CCIS23164343ST-4-0","ZellerG_2014","control",62,"male","france",23
"CCIS24254057ST-4-0","ZellerG_2014","CRC",69,"female","france",24
"CCIS24898163ST-4-0","ZellerG_2014","control",59,"male","france",31
"CCIS25399172ST-4-0","ZellerG_2014","control",60,"male","france",27
"CCIS27304052ST-3-0","ZellerG_2014","control",52,"female","france",20
"CCIS27927933ST-4-0","ZellerG_2014","control",72,"male","france",24
"CCIS29210128ST-4-0","ZellerG_2014","control",64,"male","france",27
"CCIS29688262ST-20-0","ZellerG_2014","control",50,"male","france",25
"CCIS31434951ST-20-0","ZellerG_2014","control",66,"male","france",24
"CCIS32105356ST-4-0","ZellerG_2014","control",53,"male","france",30
"CCIS32452666ST-4-0","ZellerG_2014","control",68,"male","france",26
"CCIS33816588ST-4-0","ZellerG_2014","CRC",64,"male","france",21
"CCIS34055159ST-4-0","ZellerG_2014","CRC",80,"male","france",29
"CCIS34604008ST-4-0","ZellerG_2014","control",63,"female","france",27
"CCIS35092938ST-4-0","ZellerG_2014","control",62,"female","france",21
"CCIS35100175ST-4-0","ZellerG_2014","CRC",73,"male","france",40
"CCIS36699628ST-4-0","ZellerG_2014","control",68,"female","france",25
"CCIS36797902ST-4-0","ZellerG_2014","control",63,"male","france",25
"CCIS37250421ST-4-0","ZellerG_2014","control",59,"female","france",21
"CCIS38765456ST-20-0","ZellerG_2014","CRC",79,"female","france",22
"CCIS40244499ST-3-0","ZellerG_2014","CRC",87,"female","france",32
"CCIS41222843ST-4-0","ZellerG_2014","CRC",73,"female","france",24
"CCIS41288781ST-4-0","ZellerG_2014","CRC",74,"female","france",19
"CCIS41548810ST-4-0","ZellerG_2014","CRC",78,"male","france",19
"CCIS41692898ST-4-0","ZellerG_2014","control",67,"female","france",28
"CCIS41806458ST-4-0","ZellerG_2014","control",59,"female","france",NA
"CCIS44093303ST-4-0","ZellerG_2014","control",62,"female","france",20
"CCIS44676181ST-4-0","ZellerG_2014","control",48,"female","france",21
"CCIS44743950ST-4-0","ZellerG_2014","control",66,"male","france",22
"CCIS44757994ST-4-0","ZellerG_2014","CRC",75,"male","france",37
"CCIS45571137ST-3-0","ZellerG_2014","control",55,"female","france",20
"CCIS45793747ST-4-0","ZellerG_2014","control",67,"male","france",25
"CCIS46047672ST-4-0","ZellerG_2014","CRC",65,"male","france",24
"CCIS46467422ST-4-0","ZellerG_2014","CRC",54,"female","france",22
"CCIS47284573ST-4-0","ZellerG_2014","CRC",67,"male","france",25
"CCIS48174381ST-4-0","ZellerG_2014","control",66,"male","france",25
"CCIS48507077ST-4-0","ZellerG_2014","control",72,"female","france",32
"CCIS48579360ST-4-0","ZellerG_2014","control",52,"female","france",23
"CCIS48725289ST-4-0","ZellerG_2014","CRC",62,"female","france",21
"CCIS50003399ST-4-0","ZellerG_2014","control",66,"female","france",28
"CCIS50148151ST-4-0","ZellerG_2014","CRC",87,"female","france",15
"CCIS50369211ST-20-0","ZellerG_2014","control",53,"female","france",33
"CCIS50471204ST-4-0","ZellerG_2014","control",61,"female","france",23
"CCIS51595129ST-4-0","ZellerG_2014","control",63,"female","france",22
"CCIS51667829ST-4-0","ZellerG_2014","control",63,"male","france",26
"CCIS52370277ST-4-0","ZellerG_2014","CRC",53,"male","france",25
"CCIS53043478ST-4-0","ZellerG_2014","CRC",72,"male","france",22
"CCIS53355328ST-4-0","ZellerG_2014","CRC",76,"male","france",NA
"CCIS53557295ST-4-0","ZellerG_2014","control",45,"male","france",24
"CCIS54027808ST-4-0","ZellerG_2014","control",52,"male","france",33
"CCIS55230578ST-4-0","ZellerG_2014","CRC",64,"male","france",30
"CCIS55531770ST-4-0","ZellerG_2014","control",45,"female","france",24
"CCIS58234805ST-4-0","ZellerG_2014","CRC",70,"female","france",26
"CCIS59132091ST-4-0","ZellerG_2014","CRC",80,"female","france",23
"CCIS59903910ST-4-0","ZellerG_2014","control",76,"female","france",34
"CCIS61287323ST-4-0","ZellerG_2014","CRC",76,"male","france",25
"CCIS62605362ST-3-0","ZellerG_2014","CRC",56,"female","france",23
"CCIS62794166ST-4-0","ZellerG_2014","CRC",68,"male","france",23
"CCIS63448910ST-4-0","ZellerG_2014","control",61,"female","france",34
"CCIS63468405ST-4-0","ZellerG_2014","control",69,"female","france",25
"CCIS63910149ST-4-0","ZellerG_2014","control",49,"female","france",23
"CCIS64773582ST-4-0","ZellerG_2014","control",63,"female","france",23
"CCIS64785924ST-20-0","ZellerG_2014","control",59,"female","france",25
"CCIS65479369ST-4-0","ZellerG_2014","CRC",69,"female","france",25
"CCIS70398272ST-4-0","ZellerG_2014","control",55,"male","france",24
"CCIS71301801ST-4-0","ZellerG_2014","CRC",50,"female","france",24
"CCIS71578391ST-4-0","ZellerG_2014","control",70,"male","france",25
"CCIS72607085ST-4-0","ZellerG_2014","CRC",74,"female","france",26
"CCIS74239020ST-4-0","ZellerG_2014","control",62,"male","france",24
"CCIS74726977ST-3-0","ZellerG_2014","control",66,"male","france",24
"CCIS76563044ST-4-0","ZellerG_2014","control",68,"male","france",36
"CCIS76845094ST-20-0","ZellerG_2014","CRC",44,"male","france",20
"CCIS77252613ST-4-0","ZellerG_2014","CRC",65,"male","france",26
"CCIS78100604ST-4-0","ZellerG_2014","control",64,"female","france",30
"CCIS78318719ST-4-0","ZellerG_2014","CRC",69,"female","france",30
"CCIS79210440ST-3-0","ZellerG_2014","control",65,"male","france",30
"CCIS80834637ST-4-0","ZellerG_2014","control",60,"female","france",28
"CCIS81139242ST-4-0","ZellerG_2014","control",64,"female","france",20
"CCIS81710917ST-20-0","ZellerG_2014","control",49,"male","france",20
"CCIS81887263ST-4-0","ZellerG_2014","CRC",59,"male","france",27
"CCIS82146115ST-4-0","ZellerG_2014","CRC",51,"male","france",24
"CCIS82507866ST-3-0","ZellerG_2014","control",57,"male","france",24
"CCIS82944710ST-20-0","ZellerG_2014","control",38,"female","france",22
"CCIS83445808ST-4-0","ZellerG_2014","control",66,"male","france",29
"CCIS83870198ST-4-0","ZellerG_2014","CRC",48,"female","france",24
"CCIS84543192ST-4-0","ZellerG_2014","CRC",45,"female","france",28
"CCIS85214191ST-3-0","ZellerG_2014","CRC",63,"male","france",22
"CCIS87116798ST-4-0","ZellerG_2014","CRC",85,"female","france",20
"CCIS87167916ST-4-0","ZellerG_2014","CRC",79,"male","france",30
"CCIS87252800ST-4-0","ZellerG_2014","CRC",73,"male","france",17
"CCIS87605453ST-4-0","ZellerG_2014","CRC",73,"female","france",26
"CCIS88007743ST-4-0","ZellerG_2014","control",67,"female","france",23
"CCIS88317640ST-4-0","ZellerG_2014","control",74,"male","france",27
"CCIS90164298ST-4-0","ZellerG_2014","control",84,"male","france",23
"CCIS91228662ST-4-0","ZellerG_2014","CRC",63,"male","france",31
"CCIS93040568ST-20-0","ZellerG_2014","control",65,"male","france",30
"CCIS94417875ST-3-0","ZellerG_2014","control",59,"female","france",25
"CCIS94496512ST-4-0","ZellerG_2014","control",64,"male","france",28
"CCIS94603952ST-4-0","ZellerG_2014","control",80,"female","france",21
"CCIS95097901ST-4-0","ZellerG_2014","control",52,"male","france",24
"CCIS95409808ST-4-0","ZellerG_2014","control",63,"female","france",21
"CCIS96387239ST-4-0","ZellerG_2014","control",66,"male","france",20
"CCIS98482370ST-3-0","ZellerG_2014","control",53,"female","france",30
"CCIS98512455ST-4-0","ZellerG_2014","CRC",63,"male","france",29
"CCIS98832363ST-4-0","ZellerG_2014","CRC",55,"female","france",25
