sample_id,study_name,true_label,predicted_proba_CRC,predicted_label_at_0.5
SID31766,FengQ_2015,control,0.32267168607491126,control
SID31537,FengQ_2015,control,0.3799343206112505,control
SID31428,FengQ_2015,control,0.3580468557890856,control
SID530167,FengQ_2015,control,0.41247795831829753,control
SID530315,FengQ_2015,control,0.37314225724025185,control
SID530050,FengQ_2015,control,0.3759950847033277,control
SID31160,FengQ_2015,control,0.366332364002535,control
SID530177,FengQ_2015,control,0.23896124799273133,control
SID31700,FengQ_2015,control,0.34030920561356603,control
SID31714,FengQ_2015,control,0.4138747093689591,control
SID31219,FengQ_2015,control,0.22524915738810045,control
SID31557,FengQ_2015,control,0.2913418827837927,control
SID530154,FengQ_2015,control,0.5078311786874659,CRC
SID530444,FengQ_2015,control,0.4062504231284259,control
SID31021,FengQ_2015,control,0.27324420336314126,control
SID530074,FengQ_2015,control,0.35976826191769135,control
SID530227,FengQ_2015,control,0.5003927360193388,CRC
SID530394,FengQ_2015,control,0.4330341663795781,control
SID530295,FengQ_2015,control,0.36460366475285366,control
SID530368,FengQ_2015,control,0.34949235541609514,control
SID31300,FengQ_2015,control,0.24266073666722832,control
SID31452,FengQ_2015,control,0.27703635331729454,control
SID31723,FengQ_2015,control,0.41228475550446525,control
SID531424,FengQ_2015,control,0.4943831277312319,control
SID31009,FengQ_2015,control,0.26959240251267763,control
SID530251,FengQ_2015,control,0.32704571211199635,control
SID31416,FengQ_2015,control,0.370880118738365,control
SID530119,FengQ_2015,control,0.3266620238369771,control
SID31749,FengQ_2015,control,0.34024190413515587,control
SID530364,FengQ_2015,control,0.4244239028517087,control
SID31328,FengQ_2015,control,0.3025556895343581,control
SID530163,FengQ_2015,control,0.366866605435794,control
SID31379,FengQ_2015,control,0.34707367919901516,control
SID31112,FengQ_2015,control,0.48434100839681093,control
SID31750,FengQ_2015,control,0.3394043564721321,control
SID530451,FengQ_2015,control,0.4353534427863168,control
SID31129,FengQ_2015,control,0.37303552171200044,control
SID530052,FengQ_2015,control,0.36997551315992405,control
SID31512,FengQ_2015,control,0.24876809407327444,control
SID31236,FengQ_2015,control,0.41270197476376796,control
SID31360,FengQ_2015,control,0.40498776980663903,control
SID31343,FengQ_2015,control,0.39933594420345303,control
SID530215,FengQ_2015,control,0.34419624924142844,control
SID31519,FengQ_2015,control,0.2709860056099601,control
SID31450,FengQ_2015,control,0.5968930854270496,CRC
SID531414,FengQ_2015,control,0.34556509619069303,control
SID31071,FengQ_2015,control,0.2821291938856777,control
SID530331,FengQ_2015,control,0.3493646654937139,control
SID530258,FengQ_2015,control,0.22499797842492392,control
SID31333,FengQ_2015,control,0.3185971803603547,control
SID530055,FengQ_2015,control,0.27506780335455033,control
SID31267,FengQ_2015,control,0.23971608497844646,control
SID31711,FengQ_2015,control,0.4213280057615236,control
SID530075,FengQ_2015,control,0.3062998721310048,control
SID31637,FengQ_2015,control,0.3856141169567159,control
SID31446,FengQ_2015,CRC,0.5423970023389602,CRC
SID31881,FengQ_2015,CRC,0.6963962421124034,CRC
SID31866,FengQ_2015,CRC,0.6423887607734222,CRC
SID31874,FengQ_2015,CRC,0.6824420023979823,CRC
SID31549,FengQ_2015,CRC,0.39140036543219725,control
SID31878,FengQ_2015,CRC,0.651052481141865,CRC
SID531281,FengQ_2015,CRC,0.37049330731089775,control
SID31877,FengQ_2015,CRC,0.5001438722000446,CRC
SID530373,FengQ_2015,CRC,0.6650873304521053,CRC
SID531155,FengQ_2015,CRC,0.41445954124545725,control
SID31868,FengQ_2015,CRC,0.6581773804061715,CRC
SID531361,FengQ_2015,CRC,0.44889863783286865,control
SID531775,FengQ_2015,CRC,0.4643269808995307,control
SID31865,FengQ_2015,CRC,0.5116516749468313,CRC
SID31223,FengQ_2015,CRC,0.6673983244094263,CRC
SID531469,FengQ_2015,CRC,0.6288804277664227,CRC
SID31876,FengQ_2015,CRC,0.6201707354647782,CRC
SID531416,FengQ_2015,CRC,0.727051833743971,CRC
SID31872,FengQ_2015,CRC,0.49588265947119675,control
SID31276,FengQ_2015,CRC,0.3730087827953505,control
SID531333,FengQ_2015,CRC,0.5193701012655645,CRC
SID531382,FengQ_2015,CRC,0.6089416360843368,CRC
SID530890,FengQ_2015,CRC,0.332187301079893,control
SID31237,FengQ_2015,CRC,0.43212822688466535,control
SID31004,FengQ_2015,CRC,0.315941669328609,control
SID531277,FengQ_2015,CRC,0.45368076530936635,control
SID31871,FengQ_2015,CRC,0.33305981314240196,control
SID31188,FengQ_2015,CRC,0.4714508476197924,control
SID31875,FengQ_2015,CRC,0.6815333108962408,CRC
SID31884,FengQ_2015,CRC,0.45907506062291875,control
SID31285,FengQ_2015,CRC,0.4088445062428001,control
SID31489,FengQ_2015,CRC,0.6469885702975489,CRC
SID31685,FengQ_2015,CRC,0.4294786458743239,control
SID531248,FengQ_2015,CRC,0.6561011085784083,CRC
SID31870,FengQ_2015,CRC,0.4746410176699496,control
SID531128,FengQ_2015,CRC,0.4950520224339171,control
SID31873,FengQ_2015,CRC,0.6757593920422476,CRC
SID31880,FengQ_2015,CRC,0.6833512568908336,CRC
SID531766,FengQ_2015,CRC,0.5528538927944913,CRC
SID31883,FengQ_2015,CRC,0.7553262939609532,CRC
SID531352,FengQ_2015,CRC,0.4752302514143483,control
SID31367,FengQ_2015,CRC,0.6048228684569039,CRC
SID31493,FengQ_2015,CRC,0.5350868631941047,CRC
SID31879,FengQ_2015,CRC,0.5302062291395816,CRC
SID531274,FengQ_2015,CRC,0.5923145050972081,CRC
SID31159,FengQ_2015,CRC,0.5147090201588094,CRC
SID532749,FengQ_2015,control,0.4609875783571423,control
SID532779,FengQ_2015,control,0.32194489686221633,control
SID532796,FengQ_2015,control,0.38711511877667654,control
SID532802,FengQ_2015,control,0.32527409317782446,control
SID532826,FengQ_2015,control,0.5055401714595752,CRC
SID532915,FengQ_2015,control,0.4837390234666037,control
MMRS25211151ST-27-0-0,VogtmannE_2016,control,0.5409290757402638,CRC
MMRS14602194ST-27-0-0,VogtmannE_2016,CRC,0.6696592390507972,CRC
MMRS67247116ST-27-0-0,VogtmannE_2016,CRC,0.4318339924331294,control
MMRS47685461ST-27-0-0,VogtmannE_2016,CRC,0.6842411491904362,CRC
MMRS61683006ST-27-0-0,VogtmannE_2016,control,0.4539356448570959,control
MMRS12272136ST-27-0-0,VogtmannE_2016,CRC,0.3758611070095249,control
MMRS57569834ST-27-0-0,VogtmannE_2016,control,0.5282563491494402,CRC
MMRS62666492ST-27-0-0,VogtmannE_2016,control,0.42460287068613334,control
MMRS85548821ST-27-0-0,VogtmannE_2016,control,0.579052566675667,CRC
MMRS51410669ST-27-0-0,VogtmannE_2016,CRC,0.44902374912249815,control
MMRS51737257ST-27-0-0,VogtmannE_2016,control,0.46710681266246634,control
MMRS18295921ST-27-0-0,VogtmannE_2016,CRC,0.5839602410982564,CRC
MMRS81130264ST-27-0-0,VogtmannE_2016,control,0.4605731870749708,control
MMRS93621581ST-27-0-0,VogtmannE_2016,control,0.4939389747469469,control
MMRS79893829ST-27-0-0,VogtmannE_2016,control,0.5375726341816788,CRC
MMRS88581325ST-27-0-0,VogtmannE_2016,control,0.42001904257422,control
MMRS44203591ST-27-0-0,VogtmannE_2016,CRC,0.526585767014748,CRC
MMRS81194191ST-27-0-0,VogtmannE_2016,CRC,0.7979102700273555,CRC
MMRS47662059ST-27-0-0,VogtmannE_2016,CRC,0.3937287710579207,control
MMRS59699117ST-27-0-0,VogtmannE_2016,CRC,0.5828730336864424,CRC
MMRS64281211ST-27-0-0,VogtmannE_2016,CRC,0.6245196953851402,CRC
MMRS55294627ST-27-0-0,VogtmannE_2016,CRC,0.6258448292177232,CRC
MMRS65205033ST-27-0-0,VogtmannE_2016,CRC,0.7133263425910379,CRC
MMRS39582183ST-27-0-0,VogtmannE_2016,control,0.3914670915850935,control
MMRS77321055ST-27-0-0,VogtmannE_2016,CRC,0.49780322347541484,control
MMRS44587603ST-27-0-0,VogtmannE_2016,CRC,0.45517227481636274,control
MMRS16644320ST-27-0-0,VogtmannE_2016,CRC,0.3791734737503364,control
MMRS36405092ST-27-0-0,VogtmannE_2016,control,0.4107248456161081,control
MMRS84954772ST-27-0-0,VogtmannE_2016,CRC,0.43556986114117957,control
MMRS20257302ST-27-0-0,VogtmannE_2016,control,0.6004113242126017,CRC
MMRS87723283ST-27-0-0,VogtmannE_2016,control,0.46716288479303153,control
MMRS95277876ST-27-0-0,VogtmannE_2016,control,0.41083210040633383,control
MMRS68910755ST-27-0-0,VogtmannE_2016,CRC,0.6631855083130037,CRC
MMRS31306426ST-27-0-0,VogtmannE_2016,CRC,0.42530976141241805,control
MMRS99045180ST-27-0-0,VogtmannE_2016,CRC,0.5248149453706451,CRC
MMRS14379078ST-27-0-0,VogtmannE_2016,CRC,0.43344561806607934,control
MMRS65945127ST-27-0-0,VogtmannE_2016,CRC,0.5884143113673562,CRC
MMRS17963147ST-27-0-0,VogtmannE_2016,control,0.482465229427524,control
MMRS94549160ST-27-0-0,VogtmannE_2016,control,0.3385798529079208,control
MMRS65742083ST-27-0-0,VogtmannE_2016,control,0.39489794290838703,control
MMRS85382779ST-27-0-0,VogtmannE_2016,CRC,0.4837186262533603,control
MMRS25641480ST-27-0-0,VogtmannE_2016,CRC,0.548704999019534,CRC
MMRS15137911ST-27-0-0,VogtmannE_2016,CRC,0.7192547813834788,CRC
MMRS44197125ST-27-0-0,VogtmannE_2016,CRC,0.7938174519039519,CRC
MMRS24340226ST-27-0-0,VogtmannE_2016,CRC,0.4638500709893858,control
MMRS65862658ST-27-0-0,VogtmannE_2016,control,0.43198332215241847,control
MMRS21365932ST-27-0-0,VogtmannE_2016,control,0.42990179840444015,control
MMRS54246132ST-27-0-0,VogtmannE_2016,control,0.4163875828678677,control
MMRS78791111ST-27-0-0,VogtmannE_2016,CRC,0.4174373780090695,control
MMRS81135225ST-27-0-0,VogtmannE_2016,control,0.43825918023163274,control
MMRS34569532ST-27-0-0,VogtmannE_2016,control,0.47683241991158076,control
MMRS85438660ST-27-0-0,VogtmannE_2016,control,0.5238263136746336,CRC
MMRS97307143ST-27-0-0,VogtmannE_2016,control,0.3213310266572051,control
MMRS73787048ST-27-0-0,VogtmannE_2016,control,0.431792213469244,control
MMRS84159866ST-27-0-0,VogtmannE_2016,control,0.3880160803521132,control
MMRS35808664ST-27-0-0,VogtmannE_2016,control,0.4196863351604626,control
MMRS11288076ST-27-0-0,VogtmannE_2016,control,0.4694233865375711,control
MMRS93508324ST-27-0-0,VogtmannE_2016,CRC,0.4409711368998052,control
MMRS92544445ST-27-0-0,VogtmannE_2016,CRC,0.5812742326768313,CRC
MMRS51728985ST-27-0-0,VogtmannE_2016,CRC,0.6295029187175928,CRC
MMRS81671217ST-27-0-0,VogtmannE_2016,CRC,0.49042811310983053,control
MMRS51307502ST-27-0-0,VogtmannE_2016,control,0.4400759482187106,control
MMRS38861560ST-27-0-0,VogtmannE_2016,control,0.49627730892269684,control
MMRS41266697ST-27-0-0,VogtmannE_2016,CRC,0.4797303916225023,control
MMRS38954404ST-27-0-0,VogtmannE_2016,control,0.3461336404357886,control
MMRS72802364ST-27-0-0,VogtmannE_2016,CRC,0.7262510912301955,CRC
MMRS86168210ST-27-0-0,VogtmannE_2016,control,0.4914553712628383,control
MMRS72980899ST-27-0-0,VogtmannE_2016,CRC,0.6221468031536084,CRC
MMRS77487595ST-27-0-0,VogtmannE_2016,CRC,0.6080879037228615,CRC
MMRS32573774ST-27-0-0,VogtmannE_2016,control,0.5409027579008706,CRC
MMRS97327636ST-27-0-0,VogtmannE_2016,CRC,0.611486954932145,CRC
MMRS42780924ST-27-0-0,VogtmannE_2016,CRC,0.5449185778457393,CRC
MMRS66868025ST-27-0-0,VogtmannE_2016,control,0.4280774551793414,control
MMRS80093644ST-27-0-0,VogtmannE_2016,CRC,0.7090775939306001,CRC
MMRS95674036ST-27-0-0,VogtmannE_2016,control,0.5399508536677846,CRC
MMRS57276462ST-27-0-0,VogtmannE_2016,control,0.39840417608916795,control
MMRS71762412ST-27-0-0,VogtmannE_2016,CRC,0.5242210200602898,CRC
MMRS91297590ST-27-0-0,VogtmannE_2016,control,0.5767109377895996,CRC
MMRS86958796ST-27-0-0,VogtmannE_2016,CRC,0.4603877536524572,control
MMRS84085284ST-27-0-0,VogtmannE_2016,control,0.4150514036361689,control
MMRS92546335ST-27-0-0,VogtmannE_2016,control,0.4540728353915017,control
MMRS62192467ST-27-0-0,VogtmannE_2016,control,0.5904615424173876,CRC
MMRS67096717ST-27-0-0,VogtmannE_2016,control,0.557171041887019,CRC
MMRS43563715ST-27-0-0,VogtmannE_2016,CRC,0.4436287438133922,control
MMRS33294861ST-27-0-0,VogtmannE_2016,control,0.45311955172296725,control
MMRS29805707ST-27-0-0,VogtmannE_2016,control,0.45932974596218934,control
MMRS68630931ST-27-0-0,VogtmannE_2016,control,0.40493185458620606,control
MMRS95479054ST-27-0-0,VogtmannE_2016,control,0.3894246415221985,control
MMRS64281551ST-27-0-0,VogtmannE_2016,control,0.429881326830308,control
MMRS17603756ST-27-0-0,VogtmannE_2016,control,0.46925003445739,control
MMRS40913371ST-27-0-0,VogtmannE_2016,control,0.5456019517962424,CRC
MMRS56137463ST-27-0-0,VogtmannE_2016,control,0.44457095352820336,control
MMRS39415781ST-27-0-0,VogtmannE_2016,control,0.4948209397933247,control
MMRS41711735ST-27-0-0,VogtmannE_2016,CRC,0.4305142056738263,control
MMRS54316675ST-27-0-0,VogtmannE_2016,CRC,0.4321473299635593,control
MMRS86178473ST-27-0-0,VogtmannE_2016,CRC,0.4243563565950369,control
MMRS77018926ST-27-0-0,VogtmannE_2016,CRC,0.5523059357447652,CRC
MMRS62376181ST-27-0-0,VogtmannE_2016,CRC,0.4474944656861202,control
MMRS34525504ST-27-0-0,VogtmannE_2016,CRC,0.4512091040653266,control
MMRS96422329ST-27-0-0,VogtmannE_2016,CRC,0.4846126439664868,control
MMRS43939546ST-27-0-0,VogtmannE_2016,CRC,0.5227658461133856,CRC
MMRS90191266ST-27-0-0,VogtmannE_2016,CRC,0.36120660227998713,control
MMRS11932626ST-27-0-0,VogtmannE_2016,control,0.4210535077377779,control
MMRS97052561ST-27-0-0,VogtmannE_2016,CRC,0.7134800758719662,CRC
SZAXPI017595-169,YuJ_2015,CRC,0.7605548046668502,CRC
SZAXPI017594-166,YuJ_2015,CRC,0.38171395861966906,control
SZAXPI017593-158,YuJ_2015,CRC,0.5382136320180537,CRC
SZAXPI017592-142,YuJ_2015,control,0.4244676589194484,control
SZAXPI017591-140,YuJ_2015,control,0.2935873431385326,control
SZAXPI017590-136,YuJ_2015,CRC,0.5572941881969039,CRC
SZAXPI017589-133,YuJ_2015,CRC,0.6644897850670186,CRC
SZAXPI017588-123,YuJ_2015,CRC,0.5431732030321728,CRC
SZAXPI017587-113,YuJ_2015,CRC,0.5853990474436381,CRC
SZAXPI017586-111,YuJ_2015,CRC,0.7148613122724771,CRC
SZAXPI017585-109,YuJ_2015,CRC,0.666589058786018,CRC
SZAXPI017584-108,YuJ_2015,CRC,0.7831940973224653,CRC
SZAXPI017583-102,YuJ_2015,CRC,0.7711375892166628,CRC
SZAXPI017582-94,YuJ_2015,CRC,0.810669880067338,CRC
SZAXPI017581-93,YuJ_2015,CRC,0.7749417400226891,CRC
SZAXPI017580-90,YuJ_2015,CRC,0.6324329309878476,CRC
SZAXPI017468-88,YuJ_2015,CRC,0.7138173542772195,CRC
SZAXPI017467-87,YuJ_2015,CRC,0.39596204894183784,control
SZAXPI017466-84,YuJ_2015,CRC,0.7363859366100133,CRC
SZAXPI017465-43,YuJ_2015,CRC,0.5766176894942752,CRC
SZAXPI017464-37,YuJ_2015,CRC,0.7582447961110181,CRC
SZAXPI017463-36,YuJ_2015,CRC,0.7568218560479951,CRC
SZAXPI017462-33,YuJ_2015,CRC,0.381491196490975,control
SZAXPI017461-32,YuJ_2015,CRC,0.5549942461567701,CRC
SZAXPI017460-27,YuJ_2015,CRC,0.6225222024235676,CRC
SZAXPI017459-26,YuJ_2015,CRC,0.5346917373315689,CRC
SZAXPI017458-25,YuJ_2015,CRC,0.3673349410442431,control
SZAXPI017457-24,YuJ_2015,CRC,0.581727394615093,CRC
SZAXPI017456-23,YuJ_2015,CRC,0.435966714556083,control
SZAXPI017455-21,YuJ_2015,CRC,0.5848965564079183,CRC
SZAXPI017454-20,YuJ_2015,CRC,0.5726841951060256,CRC
SZAXPI017453-19,YuJ_2015,CRC,0.7692995048834868,CRC
SZAXPI017452-17,YuJ_2015,CRC,0.6541060504641635,CRC
SZAXPI017451-16,YuJ_2015,CRC,0.5817457226704355,CRC
SZAXPI015274-111,YuJ_2015,control,0.4841932615870788,control
SZAXPI015273-95,YuJ_2015,control,0.5204061863916022,CRC
SZAXPI015272-108,YuJ_2015,control,0.309778524013805,control
SZAXPI015271-93,YuJ_2015,control,0.36448018419233735,control
SZAXPI015270-90,YuJ_2015,control,0.3435789292515008,control
SZAXPI015269-94,YuJ_2015,control,0.46357199992273973,control
SZAXPI015268-109,YuJ_2015,control,0.4168827368109897,control
SZAXPI015267-102,YuJ_2015,control,0.522040644252278,CRC
SZAXPI015266-89,YuJ_2015,control,0.2892812512369448,control
SZAXPI015265-88,YuJ_2015,control,0.4555127204254069,control
SZAXPI015264-87,YuJ_2015,control,0.37225712879143863,control
SZAXPI015263-84,YuJ_2015,control,0.3945469466963305,control
SZAXPI015262-79,YuJ_2015,control,0.4732861978435969,control
SZAXPI015261-75,YuJ_2015,control,0.5069890732067422,CRC
SZAXPI015260-74,YuJ_2015,control,0.4564317746995996,control
SZAXPI015259-62,YuJ_2015,control,0.3815439208317268,control
SZAXPI015258-57,YuJ_2015,control,0.3760592918893732,control
SZAXPI015257-56,YuJ_2015,control,0.4437759988839462,control
SZAXPI015256-47,YuJ_2015,control,0.5939012161710189,CRC
SZAXPI015255-46,YuJ_2015,control,0.3771524987777974,control
SZAXPI015254-45,YuJ_2015,control,0.5607255994307502,CRC
SZAXPI015253-44,YuJ_2015,control,0.46983164282404594,control
SZAXPI015252-43,YuJ_2015,control,0.31622294384485883,control
SZAXPI015251-41,YuJ_2015,control,0.4569222116361091,control
SZAXPI015250-39,YuJ_2015,control,0.8028466161381486,CRC
SZAXPI015249-37,YuJ_2015,control,0.34476316574551463,control
SZAXPI015248-36,YuJ_2015,control,0.3201913234149188,control
SZAXPI015247-35,YuJ_2015,control,0.5521937487954144,CRC
SZAXPI015246-34,YuJ_2015,control,0.4648172525025663,control
SZAXPI015245-33,YuJ_2015,control,0.31683273312914995,control
SZAXPI015244-32,YuJ_2015,control,0.3305969274277208,control
SZAXPI015243-31,YuJ_2015,control,0.46718502829829267,control
SZAXPI015242-30,YuJ_2015,control,0.2656642840837493,control
SZAXPI015241-27,YuJ_2015,control,0.39326632828215846,control
SZAXPI015240-26,YuJ_2015,control,0.6190462052519342,CRC
SZAXPI015239-25,YuJ_2015,control,0.43925842106097956,control
SZAXPI015238-24,YuJ_2015,control,0.4124904461777773,control
SZAXPI015237-23,YuJ_2015,CRC,0.7577093492903783,CRC
SZAXPI015235-21,YuJ_2015,control,0.3365897106017452,control
SZAXPI015234-20,YuJ_2015,control,0.4356507973357565,control
SZAXPI015233-19,YuJ_2015,control,0.45617945494416234,control
SZAXPI015232-18,YuJ_2015,control,0.5936174163814503,CRC
SZAXPI015231-17,YuJ_2015,control,0.4217282139819093,control
SZAXPI015230-16,YuJ_2015,control,0.3244836683256377,control
SZAXPI015229-15,YuJ_2015,control,0.5487966117992953,CRC
SZAXPI015228-14,YuJ_2015,control,0.5944248674895929,CRC
SZAXPI015227-13,YuJ_2015,control,0.33828102552552597,control
SZAXPI015226-14,YuJ_2015,CRC,0.7970466819604836,CRC
SZAXPI015225-18,YuJ_2015,CRC,0.5141880702002323,CRC
SZAXPI015224-13,YuJ_2015,CRC,0.46774463221052776,control
SZAXPI015223-158,YuJ_2015,CRC,0.4432776573984116,control
SZAXPI015222-123,YuJ_2015,CRC,0.6831432967004258,CRC
SZAXPI015221-142,YuJ_2015,CRC,0.7135268999436396,CRC
SZAXPI015220-136,YuJ_2015,CRC,0.46715186990971647,control
SZAXPI015219-129,YuJ_2015,CRC,0.5635861180648268,CRC
SZAXPI015218-16,YuJ_2015,CRC,0.7531992199805843,CRC
SZAXPI015217-140,YuJ_2015,CRC,0.7815947909416215,CRC
SZAXPI015216-169,YuJ_2015,CRC,0.6933092002118515,CRC
SZAXPI015215-20,YuJ_2015,CRC,0.41243434989779015,control
SZAXPI015214-19,YuJ_2015,CRC,0.6144769233801566,CRC
SZAXPI015213-15,YuJ_2015,CRC,0.6029796012713066,CRC
SZAXPI015212-113,YuJ_2015,control,0.3718169533744217,control
SZAXPI015211-166,YuJ_2015,CRC,0.7360179817098133,CRC
SZAXPI015210-17,YuJ_2015,CRC,0.5093088679519324,CRC
SZAXPI015209-133,YuJ_2015,CRC,0.546320886883934,CRC
SZAXPI003437-3,YuJ_2015,CRC,0.602096457045353,CRC
SZAXPI003436-7,YuJ_2015,CRC,0.6454204496276362,CRC
SZAXPI003435-11,YuJ_2015,CRC,0.7733670663179938,CRC
SZAXPI003434-7,YuJ_2015,CRC,0.6571293011924201,CRC
SZAXPI003433-7,YuJ_2015,control,0.5459460512002003,CRC
SZAXPI003432-12,YuJ_2015,CRC,0.4509525788984759,control
SZAXPI003431-1,YuJ_2015,CRC,0.7274538117521144,CRC
SZAXPI003430-5,YuJ_2015,CRC,0.4342995976951929,control
SZAXPI003429-3,YuJ_2015,control,0.37733984297283807,control
SZAXPI003428-6,YuJ_2015,CRC,0.5769474536540117,CRC
SZAXPI003427-1,YuJ_2015,CRC,0.5461452522670933,CRC
SZAXPI003426-11,YuJ_2015,CRC,0.6866739986800602,CRC
SZAXPI003425-1,YuJ_2015,CRC,0.6019106469205476,CRC
SZAXPI003424-12,YuJ_2015,CRC,0.6566138595379734,CRC
SZAXPI003423-8,YuJ_2015,CRC,0.7238047052792612,CRC
SZAXPI003422-11,YuJ_2015,CRC,0.7480738865929206,CRC
SZAXPI003421-5,YuJ_2015,CRC,0.49679025911510616,control
SZAXPI003420-4,YuJ_2015,CRC,0.5544184846990126,CRC
SZAXPI003419-6,YuJ_2015,control,0.36277911944058105,control
SZAXPI003418-8,YuJ_2015,CRC,0.6264216927389846,CRC
SZAXPI003417-4,YuJ_2015,control,0.5289964108338315,CRC
SZAXPI003416-4,YuJ_2015,CRC,0.7176865970570051,CRC
SZAXPI003415-12,YuJ_2015,CRC,0.610770228054347,CRC
SZAXPI003414-3,YuJ_2015,CRC,0.6669344732875288,CRC
SZAXPI003413-4,YuJ_2015,CRC,0.7516613501404483,CRC
SZAXPI003412-1,YuJ_2015,CRC,0.7651771271877613,CRC
SZAXPI003411-6,YuJ_2015,CRC,0.6870553457367718,CRC
SZAXPI003410-3,YuJ_2015,CRC,0.7343572888440567,CRC
SZAXPI003409-8,YuJ_2015,CRC,0.7212650873805143,CRC
MG100180,HanniganGD_2017,control,0.46982448476953276,control
MG100179,HanniganGD_2017,control,0.4564655985766349,control
MG100178,HanniganGD_2017,control,0.3071979795889776,control
MG100177,HanniganGD_2017,control,0.4815526189126979,control
MG100176,HanniganGD_2017,control,0.4365528971244929,control
MG100175,HanniganGD_2017,control,0.33640549898841665,control
MG100174,HanniganGD_2017,control,0.5228676685940549,CRC
MG100173,HanniganGD_2017,control,0.3764388272914581,control
MG100172,HanniganGD_2017,control,0.4193808429474909,control
MG100171,HanniganGD_2017,control,0.4806274935224888,control
MG100170,HanniganGD_2017,control,0.36406124646908056,control
MG100169,HanniganGD_2017,control,0.4274384951836452,control
MG100168,HanniganGD_2017,control,0.4975367850717276,control
MG100167,HanniganGD_2017,control,0.3183021249523577,control
MG100166,HanniganGD_2017,control,0.4177525902493901,control
MG100165,HanniganGD_2017,control,0.4880326228254062,control
MG100164,HanniganGD_2017,control,0.5461873713188758,CRC
MG100163,HanniganGD_2017,control,0.5385774408364754,CRC
MG100162,HanniganGD_2017,control,0.5187502463508978,CRC
MG100161,HanniganGD_2017,control,0.515922951270369,CRC
MG100160,HanniganGD_2017,control,0.46619924516358263,control
MG100159,HanniganGD_2017,control,0.42516440038109626,control
MG100158,HanniganGD_2017,control,0.5494996561421622,CRC
MG100157,HanniganGD_2017,control,0.35742116094834936,control
MG100156,HanniganGD_2017,control,0.4793709249421579,control
MG100155,HanniganGD_2017,control,0.3921897092913575,control
MG100154,HanniganGD_2017,control,0.39368562083802205,control
MG100153,HanniganGD_2017,control,0.34475563200974707,control
MG100152,HanniganGD_2017,CRC,0.458436700696767,control
MG100151,HanniganGD_2017,CRC,0.4325223356276066,control
MG100150,HanniganGD_2017,CRC,0.43709708479480874,control
MG100149,HanniganGD_2017,CRC,0.4663822583138796,control
MG100148,HanniganGD_2017,CRC,0.493822463645776,control
MG100147,HanniganGD_2017,CRC,0.4740769774750724,control
MG100146,HanniganGD_2017,CRC,0.3517886119745819,control
MG100145,HanniganGD_2017,CRC,0.4508181223361375,control
MG100144,HanniganGD_2017,CRC,0.471749585632835,control
MG100143,HanniganGD_2017,CRC,0.3520470733750675,control
MG100142,HanniganGD_2017,CRC,0.5849586861074315,CRC
MG100141,HanniganGD_2017,CRC,0.45049044058270243,control
MG100140,HanniganGD_2017,CRC,0.43388955380592376,control
MG100139,HanniganGD_2017,CRC,0.5025388268035035,CRC
MG100138,HanniganGD_2017,CRC,0.6337045311708214,CRC
MG100137,HanniganGD_2017,CRC,0.5517760106024759,CRC
MG100136,HanniganGD_2017,CRC,0.4776550432506651,control
MG100134,HanniganGD_2017,CRC,0.627257460424615,CRC
MG100133,HanniganGD_2017,CRC,0.5752721758550874,CRC
MG100132,HanniganGD_2017,CRC,0.6158849588263458,CRC
MG100131,HanniganGD_2017,CRC,0.3951979879470287,control
MG100130,HanniganGD_2017,CRC,0.42294611081198746,control
MG100129,HanniganGD_2017,CRC,0.5050837597673388,CRC
MG100128,HanniganGD_2017,CRC,0.4522145106259004,control
MG100127,HanniganGD_2017,CRC,0.36477909556816407,control
MG100126,HanniganGD_2017,CRC,0.5359287844394682,CRC
MG100125,HanniganGD_2017,CRC,0.3745361392340148,control
LILT_GF06_16,ThomasAM_2018a,control,0.6746944616976603,CRC
LILT_GF15_16,ThomasAM_2018a,CRC,0.46495644144253456,control
LILT_VF00TL_16,ThomasAM_2018a,control,0.43011581204263594,control
LILT_VF06_16,ThomasAM_2018a,control,0.4952602836171489,control
LILT_VF100_T016,ThomasAM_2018a,CRC,0.4730291225847247,control
LILT_VF107_16,ThomasAM_2018a,CRC,0.7385786624612081,CRC
LILT_VF114_T017,ThomasAM_2018a,CRC,0.5998664571326587,CRC
LILT_VF120_16,ThomasAM_2018a,CRC,0.5579610642593811,CRC
LILT_VF145_T017,ThomasAM_2018a,CRC,0.6507388566075345,CRC
LILT_VF154_T017,ThomasAM_2018a,CRC,0.5614502542734113,CRC
LILT_VF166_T017,ThomasAM_2018a,CRC,0.8190630055391931,CRC
LILT_VF174_T017,ThomasAM_2018a,CRC,0.6323739192075424,CRC
LILT_VF176_T017,ThomasAM_2018a,CRC,0.60559865404991,CRC
LILT_VF192_T017,ThomasAM_2018a,CRC,0.6523762183533823,CRC
LILT_VF29_16,ThomasAM_2018a,CRC,0.40098435162294926,control
LILT_VF31_16,ThomasAM_2018a,control,0.45334005208025036,control
LILT_VF40_16,ThomasAM_2018a,control,0.5098008585686695,CRC
LILT_VF43_16,ThomasAM_2018a,control,0.5799717287060672,CRC
LILT_VF65_16,ThomasAM_2018a,CRC,0.6524115087771032,CRC
LILT_VF71_16,ThomasAM_2018a,CRC,0.6379734614929905,CRC
LILT_VF73_16,ThomasAM_2018a,CRC,0.6305567517764709,CRC
LILT_VF77_16,ThomasAM_2018a,CRC,0.47972679120473855,control
LILT_VF84_16,ThomasAM_2018a,control,0.47871417763084945,control
LILT_VF95_16,ThomasAM_2018a,CRC,0.6218490508453348,CRC
LILT_VF270_T017,ThomasAM_2018a,CRC,0.5508380628181732,CRC
LILT_VF207_T017,ThomasAM_2018a,CRC,0.509458111204466,CRC
LILT_VF234_T017,ThomasAM_2018a,CRC,0.6186699719542168,CRC
LILT_VF217_T017,ThomasAM_2018a,CRC,0.6286279238046674,CRC
LILT_VF273_T017,ThomasAM_2018a,CRC,0.7859798935914718,CRC
LILT_VF208_T017,ThomasAM_2018a,CRC,0.6170783978010721,CRC
LILT_VF281_T017,ThomasAM_2018a,CRC,0.7024588815698063,CRC
LILT_VF216_T017,ThomasAM_2018a,CRC,0.5874602177024413,CRC
LILT_VF232_T017,ThomasAM_2018a,CRC,0.5555150811872651,CRC
LILT_VF264_T017,ThomasAM_2018a,CRC,0.5418976702916984,CRC
LILT_VF251_T017,ThomasAM_2018a,CRC,0.4689013607607738,control
LILT_VF259_T016,ThomasAM_2018a,control,0.6236523012226748,CRC
LILT_VF255_T016,ThomasAM_2018a,control,0.35640709017339295,control
LILT_VF170_T016,ThomasAM_2018a,control,0.5547295507226412,CRC
LILT_VF206_T016,ThomasAM_2018a,control,0.4555384499848032,control
LILT_VF212_T016,ThomasAM_2018a,control,0.4787749963914572,control
LILT_VF261_T016,ThomasAM_2018a,control,0.6298555256782463,CRC
LILT_VF262_T016,ThomasAM_2018a,control,0.321776176370435,control
LILT_VF263_T016,ThomasAM_2018a,control,0.3399340799380718,control
LILT_VF265_T016,ThomasAM_2018a,control,0.47339083890941314,control
LILT_VF279_T016,ThomasAM_2018a,control,0.6680819480950583,CRC
LILT_VF300_T016,ThomasAM_2018a,CRC,0.4091639319624749,control
LILT_VF10_T016,ThomasAM_2018a,control,0.5508296458765648,CRC
LILT_VF140_T016,ThomasAM_2018a,control,0.5089337376762096,CRC
LILT_VF171_T016,ThomasAM_2018a,control,0.5247770241408365,CRC
LILT_VF18_T016,ThomasAM_2018a,control,0.5195218659308456,CRC
LILT_VF189_T016,ThomasAM_2018a,control,0.5210882225971586,CRC
LILT_VF28_T016,ThomasAM_2018a,control,0.5805215184044746,CRC
LILT_VF82_T016,ThomasAM_2018a,control,0.5684806354969952,CRC
CRC_MR_SBJ57H_17,ThomasAM_2018b,control,0.418481002500235,control
CRC_MR_SBJ52C_17,ThomasAM_2018b,CRC,0.4538915397927074,control
CRC_MR_SBJ50C_17,ThomasAM_2018b,CRC,0.7426613629062792,CRC
CRC_MR_SBJ16H_17,ThomasAM_2018b,control,0.3004194519782011,control
CRC_MR_SBJ31C_17,ThomasAM_2018b,CRC,0.530727140292784,CRC
CRC_MR_SBJ24H_17,ThomasAM_2018b,control,0.3297334995116741,control
CRC_MR_SBJ75H_17,ThomasAM_2018b,control,0.5254368188122045,CRC
CRC_MR_SBJ37H_17,ThomasAM_2018b,control,0.3164781244899762,control
CRC_MR_SBJ12C_17,ThomasAM_2018b,CRC,0.4197308216737392,control
CRC_MR_SBJ34H_17,ThomasAM_2018b,control,0.3885433152310034,control
CRC_MR_SBJ61C_17,ThomasAM_2018b,CRC,0.6464354465464816,CRC
CRC_MR_SBJ53C_17,ThomasAM_2018b,CRC,0.4889011830467568,control
CRC_MR_SBJ78H_17,ThomasAM_2018b,control,0.30080458884220057,control
CRC_MR_SBJ83H_17,ThomasAM_2018b,control,0.2768530570197314,control
CRC_MR_SBJ33C_17,ThomasAM_2018b,CRC,0.2933195630752523,control
CRC_MR_SBJ39C_17,ThomasAM_2018b,CRC,0.46948574681140354,control
CRC_MR_SBJ04C_17,ThomasAM_2018b,CRC,0.2967300178206437,control
CRC_MR_SBJ63H_17,ThomasAM_2018b,control,0.4900314272815014,control
CRC_MR_SBJ10C_17,ThomasAM_2018b,CRC,0.7426355374740249,CRC
CRC_MR_SBJ77H_17,ThomasAM_2018b,control,0.46032207858978635,control
CRC_MR_SBJ29C_17,ThomasAM_2018b,CRC,0.3680550884080503,control
CRC_MR_SBJ40C_17,ThomasAM_2018b,CRC,0.6312935949978535,CRC
CRC_MR_SBJ49C_17,ThomasAM_2018b,CRC,0.41077420896400374,control
CRC_MR_SBJ69H_17,ThomasAM_2018b,control,0.46036844029124857,control
CRC_MR_SBJ11C_17,ThomasAM_2018b,CRC,0.5213201899610679,CRC
CRC_MR_SBJ02C_17,ThomasAM_2018b,CRC,0.5044285875877594,CRC
CRC_MR_SBJ01C_17,ThomasAM_2018b,CRC,0.5271969751746531,CRC
CRC_MR_SBJ73H_17,ThomasAM_2018b,control,0.24179442522264152,control
CRC_MR_SBJ81H_17,ThomasAM_2018b,control,0.5108959402259021,CRC
CRC_MR_SBJ22C_17,ThomasAM_2018b,CRC,0.5877703140269609,CRC
CRC_MR_SBJ68H_17,ThomasAM_2018b,control,0.45581456754181987,control
CRC_MR_SBJ35C_17,ThomasAM_2018b,CRC,0.6092435361439147,CRC
CRC_MR_SBJ60H_17,ThomasAM_2018b,control,0.32026309877681974,control
CRC_MR_SBJ67H_17,ThomasAM_2018b,control,0.42879856027029706,control
CRC_MR_SBJ20C_17,ThomasAM_2018b,CRC,0.665390837553868,CRC
CRC_MR_SBJ17H_17,ThomasAM_2018b,control,0.4782001169703501,control
CRC_MR_SBJ26C_17,ThomasAM_2018b,CRC,0.5450830699476438,CRC
CRC_MR_SBJ64C_17,ThomasAM_2018b,CRC,0.6226580410884373,CRC
CRC_MR_SBJ07C_17,ThomasAM_2018b,CRC,0.8014774447679014,CRC
CRC_MR_SBJ51C_17,ThomasAM_2018b,CRC,0.6006357008855683,CRC
CRC_MR_SBJ55C_17,ThomasAM_2018b,CRC,0.38051966461058695,control
CRC_MR_SBJ42C_17,ThomasAM_2018b,CRC,0.7437930973187165,CRC
CRC_MR_SBJ80H_17,ThomasAM_2018b,control,0.3673929317806064,control
CRC_MR_SBJ21H_17,ThomasAM_2018b,control,0.29710585768130293,control
CRC_MR_SBJ18H_17,ThomasAM_2018b,control,0.3969823444547631,control
CRC_MR_SBJ47C_17,ThomasAM_2018b,CRC,0.5192299110239693,CRC
CRC_MR_SBJ06C_17,ThomasAM_2018b,CRC,0.360061943135864,control
CRC_MR_SBJ05C_17,ThomasAM_2018b,CRC,0.39445997489617585,control
CRC_MR_SBJ36C_17,ThomasAM_2018b,CRC,0.34950012609716913,control
CRC_MR_SBJ84H_17,ThomasAM_2018b,control,0.4330247645521023,control
CRC_MR_SBJ65H_17,ThomasAM_2018b,control,0.29360812968996525,control
CRC_MR_SBJ27C_17,ThomasAM_2018b,CRC,0.4398739471171713,control
CRC_MR_SBJ82H_17,ThomasAM_2018b,control,0.37851866912759197,control
CRC_MR_SBJ45H_17,ThomasAM_2018b,control,0.39349766162157607,control
CRC_MR_SBJ03H_17,ThomasAM_2018b,control,0.48109427583030956,control
CRC_MR_SBJ25C_17,ThomasAM_2018b,CRC,0.6492766147475814,CRC
CRC_MR_SBJ74H_17,ThomasAM_2018b,control,0.24637307540895648,control
CRC_MR_SBJ79H_17,ThomasAM_2018b,control,0.46086257892599697,control
CRC_MR_SBJ32C_17,ThomasAM_2018b,CRC,0.5908955704351861,CRC
CRC_MR_SBJ46H_17,ThomasAM_2018b,control,0.39348997409107905,control
CCIS00146684ST-4-0,ZellerG_2014,control,0.3411318651838224,control
CCIS00281083ST-3-0,ZellerG_2014,control,0.40422618993568066,control
CCIS02124300ST-4-0,ZellerG_2014,control,0.37041132956514833,control
CCIS02379307ST-4-0,ZellerG_2014,CRC,0.7371246382177455,CRC
CCIS02856720ST-4-0,ZellerG_2014,control,0.40563778669133843,control
CCIS03473770ST-4-0,ZellerG_2014,control,0.38070492964020725,control
CCIS03857607ST-4-0,ZellerG_2014,control,0.39838588056167784,control
CCIS05314658ST-4-0,ZellerG_2014,control,0.33580420432581454,control
CCIS06260551ST-3-0,ZellerG_2014,CRC,0.7014161709517066,CRC
CCIS07277498ST-4-0,ZellerG_2014,control,0.25145418618953097,control
CCIS07539127ST-4-0,ZellerG_2014,control,0.4518475411845506,control
CCIS07648107ST-4-0,ZellerG_2014,control,0.43767532667802495,control
CCIS08668806ST-3-0,ZellerG_2014,control,0.38237239709105797,control
CCIS09568613ST-4-0,ZellerG_2014,control,0.468195228997301,control
CCIS10706551ST-3-0,ZellerG_2014,control,0.21578713469004995,control
CCIS10793554ST-4-0,ZellerG_2014,control,0.381271001864784,control
CCIS11015875ST-4-0,ZellerG_2014,CRC,0.7104646847732691,CRC
CCIS11354283ST-4-0,ZellerG_2014,control,0.4420613424952918,control
CCIS11362406ST-4-0,ZellerG_2014,control,0.3876747168749057,control
CCIS11558985ST-4-0,ZellerG_2014,control,0.3629030543443818,control
CCIS12370844ST-4-0,ZellerG_2014,CRC,0.496127598820939,control
CCIS12656533ST-4-0,ZellerG_2014,CRC,0.6384297418017428,CRC
CCIS13047523ST-4-0,ZellerG_2014,control,0.4750852079206942,control
CCIS14449628ST-4-0,ZellerG_2014,CRC,0.7711455423698542,CRC
CCIS15704761ST-4-0,ZellerG_2014,CRC,0.6020787630724462,CRC
CCIS15794887ST-4-0,ZellerG_2014,control,0.38115607521360945,control
CCIS16326685ST-4-0,ZellerG_2014,control,0.5126364213838167,CRC
CCIS16383318ST-4-0,ZellerG_2014,control,0.50974537867901,CRC
CCIS16561622ST-4-0,ZellerG_2014,control,0.5135879158830657,CRC
CCIS17669415ST-4-0,ZellerG_2014,CRC,0.6676423232614208,CRC
CCIS20795251ST-4-0,ZellerG_2014,control,0.40344265659846557,control
CCIS21126322ST-4-0,ZellerG_2014,control,0.3298288925504377,control
CCIS21278152ST-4-0,ZellerG_2014,CRC,0.635237667287239,CRC
CCIS22416007ST-4-0,ZellerG_2014,CRC,0.45247094703734525,control
CCIS22906510ST-20-0,ZellerG_2014,control,0.3864944355575399,control
CCIS22958137ST-20-0,ZellerG_2014,CRC,0.6981662275011016,CRC
CCIS23164343ST-4-0,ZellerG_2014,control,0.3405103881259501,control
CCIS24254057ST-4-0,ZellerG_2014,CRC,0.6435995853900357,CRC
CCIS24898163ST-4-0,ZellerG_2014,control,0.5791271244564757,CRC
CCIS25399172ST-4-0,ZellerG_2014,control,0.4920874670495984,control
CCIS27304052ST-3-0,ZellerG_2014,control,0.3137236023673699,control
CCIS27927933ST-4-0,ZellerG_2014,control,0.4477228498996483,control
CCIS29210128ST-4-0,ZellerG_2014,control,0.4411349990672184,control
CCIS29688262ST-20-0,ZellerG_2014,control,0.4942549566059718,control
CCIS31434951ST-20-0,ZellerG_2014,control,0.34943030250500945,control
CCIS32105356ST-4-0,ZellerG_2014,control,0.36115781377166845,control
CCIS32452666ST-4-0,ZellerG_2014,control,0.3483126461433477,control
CCIS33816588ST-4-0,ZellerG_2014,CRC,0.8078109398150083,CRC
CCIS34055159ST-4-0,ZellerG_2014,CRC,0.6716512133660065,CRC
CCIS34604008ST-4-0,ZellerG_2014,control,0.3408024694954713,control
CCIS35092938ST-4-0,ZellerG_2014,control,0.2653245680720272,control
CCIS35100175ST-4-0,ZellerG_2014,CRC,0.7578872123185295,CRC
CCIS36699628ST-4-0,ZellerG_2014,control,0.3482720456087369,control
CCIS36797902ST-4-0,ZellerG_2014,control,0.7082603122493882,CRC
CCIS37250421ST-4-0,ZellerG_2014,control,0.3857350993488082,control
CCIS38765456ST-20-0,ZellerG_2014,CRC,0.7181172557506479,CRC
CCIS40244499ST-3-0,ZellerG_2014,CRC,0.6760991087274817,CRC
CCIS41222843ST-4-0,ZellerG_2014,CRC,0.4095130525320409,control
CCIS41288781ST-4-0,ZellerG_2014,CRC,0.6290791264462687,CRC
CCIS41548810ST-4-0,ZellerG_2014,CRC,0.5484870903225176,CRC
CCIS41692898ST-4-0,ZellerG_2014,control,0.3870038508717431,control
CCIS41806458ST-4-0,ZellerG_2014,control,0.49392644863575663,control
CCIS44093303ST-4-0,ZellerG_2014,control,0.5390018515064077,CRC
CCIS44676181ST-4-0,ZellerG_2014,control,0.3262085402841548,control
CCIS44743950ST-4-0,ZellerG_2014,control,0.4578660294061472,control
CCIS44757994ST-4-0,ZellerG_2014,CRC,0.6206210741171797,CRC
CCIS45571137ST-3-0,ZellerG_2014,control,0.3711418162672366,control
CCIS45793747ST-4-0,ZellerG_2014,control,0.4385267431477989,control
CCIS46047672ST-4-0,ZellerG_2014,CRC,0.5715882123931176,CRC
CCIS46467422ST-4-0,ZellerG_2014,CRC,0.37635311552846035,control
CCIS47284573ST-4-0,ZellerG_2014,CRC,0.392578881940591,control
CCIS48174381ST-4-0,ZellerG_2014,control,0.47296416580864453,control
CCIS48507077ST-4-0,ZellerG_2014,control,0.535679042064562,CRC
CCIS48579360ST-4-0,ZellerG_2014,control,0.34307653280267625,control
CCIS48725289ST-4-0,ZellerG_2014,CRC,0.26282653645110854,control
CCIS50003399ST-4-0,ZellerG_2014,control,0.30007991957184166,control
CCIS50148151ST-4-0,ZellerG_2014,CRC,0.6398069597312379,CRC
CCIS50369211ST-20-0,ZellerG_2014,control,0.4803290052081563,control
CCIS50471204ST-4-0,ZellerG_2014,control,0.40894311459395366,control
CCIS51595129ST-4-0,ZellerG_2014,control,0.22971506818571683,control
CCIS51667829ST-4-0,ZellerG_2014,control,0.2759576831560396,control
CCIS52370277ST-4-0,ZellerG_2014,CRC,0.6344776142052142,CRC
CCIS53043478ST-4-0,ZellerG_2014,CRC,0.7662948581987382,CRC
CCIS53355328ST-4-0,ZellerG_2014,CRC,0.5723257724230817,CRC
CCIS53557295ST-4-0,ZellerG_2014,control,0.38731981759888545,control
CCIS54027808ST-4-0,ZellerG_2014,control,0.44800653116706146,control
CCIS55230578ST-4-0,ZellerG_2014,CRC,0.5712931575770939,CRC
CCIS55531770ST-4-0,ZellerG_2014,control,0.31426736117225657,control
CCIS58234805ST-4-0,ZellerG_2014,CRC,0.790578493873356,CRC
CCIS59132091ST-4-0,ZellerG_2014,CRC,0.43486847686848595,control
CCIS59903910ST-4-0,ZellerG_2014,control,0.5778358770285374,CRC
CCIS61287323ST-4-0,ZellerG_2014,CRC,0.6353531427330431,CRC
CCIS62605362ST-3-0,ZellerG_2014,CRC,0.5870325314366933,CRC
CCIS62794166ST-4-0,ZellerG_2014,CRC,0.47919445699944596,control
CCIS63448910ST-4-0,ZellerG_2014,control,0.5895492212934506,CRC
CCIS63468405ST-4-0,ZellerG_2014,control,0.4575130491477294,control
CCIS63910149ST-4-0,ZellerG_2014,control,0.3135970562777051,control
CCIS64773582ST-4-0,ZellerG_2014,control,0.41585970863276933,control
CCIS64785924ST-20-0,ZellerG_2014,control,0.29498922249206827,control
CCIS65479369ST-4-0,ZellerG_2014,CRC,0.7725327080920991,CRC
CCIS70398272ST-4-0,ZellerG_2014,control,0.33655664176336336,control
CCIS71301801ST-4-0,ZellerG_2014,CRC,0.7295325719227782,CRC
CCIS71578391ST-4-0,ZellerG_2014,control,0.351564462263665,control
CCIS72607085ST-4-0,ZellerG_2014,CRC,0.5983618245496142,CRC
CCIS74239020ST-4-0,ZellerG_2014,control,0.31475337989942775,control
CCIS74726977ST-3-0,ZellerG_2014,control,0.6016825115202896,CRC
CCIS76563044ST-4-0,ZellerG_2014,control,0.3256512407888578,control
CCIS76845094ST-20-0,ZellerG_2014,CRC,0.6669733878483802,CRC
CCIS77252613ST-4-0,ZellerG_2014,CRC,0.4680521372287077,control
CCIS78100604ST-4-0,ZellerG_2014,control,0.3100660517419488,control
CCIS78318719ST-4-0,ZellerG_2014,CRC,0.5185907512379344,CRC
CCIS79210440ST-3-0,ZellerG_2014,control,0.46837212534611344,control
CCIS80834637ST-4-0,ZellerG_2014,control,0.41438823730133245,control
CCIS81139242ST-4-0,ZellerG_2014,control,0.46482990620584147,control
CCIS81710917ST-20-0,ZellerG_2014,control,0.5906531074830809,CRC
CCIS81887263ST-4-0,ZellerG_2014,CRC,0.5186990806369177,CRC
CCIS82146115ST-4-0,ZellerG_2014,CRC,0.4251673546842895,control
CCIS82507866ST-3-0,ZellerG_2014,control,0.2654964350199263,control
CCIS82944710ST-20-0,ZellerG_2014,control,0.3372167687945924,control
CCIS83445808ST-4-0,ZellerG_2014,control,0.4519802145419107,control
CCIS83870198ST-4-0,ZellerG_2014,CRC,0.37537930056532487,control
CCIS84543192ST-4-0,ZellerG_2014,CRC,0.5852261812709133,CRC
CCIS85214191ST-3-0,ZellerG_2014,CRC,0.59513266495401,CRC
CCIS87116798ST-4-0,ZellerG_2014,CRC,0.5218924158121732,CRC
CCIS87167916ST-4-0,ZellerG_2014,CRC,0.640959258934691,CRC
CCIS87252800ST-4-0,ZellerG_2014,CRC,0.7346272559711414,CRC
CCIS87605453ST-4-0,ZellerG_2014,CRC,0.5001616471616581,CRC
CCIS88007743ST-4-0,ZellerG_2014,control,0.5709908802040454,CRC
CCIS88317640ST-4-0,ZellerG_2014,control,0.5474911630410666,CRC
CCIS90164298ST-4-0,ZellerG_2014,control,0.3213464708393512,control
CCIS91228662ST-4-0,ZellerG_2014,CRC,0.7005980812020443,CRC
CCIS93040568ST-20-0,ZellerG_2014,control,0.5372573557849413,CRC
CCIS94417875ST-3-0,ZellerG_2014,control,0.2865200341769001,control
CCIS94496512ST-4-0,ZellerG_2014,control,0.4433276381084381,control
CCIS94603952ST-4-0,ZellerG_2014,control,0.24374455877236362,control
CCIS95097901ST-4-0,ZellerG_2014,control,0.45816479864585785,control
CCIS95409808ST-4-0,ZellerG_2014,control,0.3075656472882005,control
CCIS96387239ST-4-0,ZellerG_2014,control,0.31669923863686456,control
CCIS98482370ST-3-0,ZellerG_2014,control,0.30532856225814514,control
CCIS98512455ST-4-0,ZellerG_2014,CRC,0.503615439575975,CRC
CCIS98832363ST-4-0,ZellerG_2014,CRC,0.37982700402050606,control
